2025-03-19T11:34:39.263+07:00  INFO 3382 --- [crud] [restartedMain] com.mvc.crud.CrudApplication             : Starting CrudApplication using Java 21.0.5 with PID 3382 (/home/tony/Documents/Spring Boot Course/Section 7 - MVC CRUD/target/classes started by tony in /home/tony/Documents/Spring Boot Course/Section 7 - MVC CRUD)
2025-03-19T11:34:39.266+07:00  INFO 3382 --- [crud] [restartedMain] com.mvc.crud.CrudApplication             : No active profile set, falling back to 1 default profile: "default"
2025-03-19T11:34:39.338+07:00  INFO 3382 --- [crud] [restartedMain] .e.DevToolsPropertyDefaultsPostProcessor : Devtools property defaults active! Set 'spring.devtools.add-properties' to 'false' to disable
2025-03-19T11:34:39.339+07:00  INFO 3382 --- [crud] [restartedMain] .e.DevToolsPropertyDefaultsPostProcessor : For additional web related logging consider setting the 'logging.level.web' property to 'DEBUG'
2025-03-19T11:34:40.360+07:00  INFO 3382 --- [crud] [restartedMain] .s.d.r.c.RepositoryConfigurationDelegate : Bootstrapping Spring Data JPA repositories in DEFAULT mode.
2025-03-19T11:34:40.389+07:00  INFO 3382 --- [crud] [restartedMain] .s.d.r.c.RepositoryConfigurationDelegate : Finished Spring Data repository scanning in 17 ms. Found 0 JPA repository interfaces.
2025-03-19T11:34:41.165+07:00  INFO 3382 --- [crud] [restartedMain] o.s.b.w.embedded.tomcat.TomcatWebServer  : Tomcat initialized with port 8000 (http)
2025-03-19T11:34:41.185+07:00  INFO 3382 --- [crud] [restartedMain] o.apache.catalina.core.StandardService   : Starting service [Tomcat]
2025-03-19T11:34:41.185+07:00  INFO 3382 --- [crud] [restartedMain] o.apache.catalina.core.StandardEngine    : Starting Servlet engine: [Apache Tomcat/10.1.36]
2025-03-19T11:34:41.229+07:00  INFO 3382 --- [crud] [restartedMain] o.a.c.c.C.[Tomcat].[localhost].[/]       : Initializing Spring embedded WebApplicationContext
2025-03-19T11:34:41.229+07:00  INFO 3382 --- [crud] [restartedMain] w.s.c.ServletWebServerApplicationContext : Root WebApplicationContext: initialization completed in 1889 ms
2025-03-19T11:34:41.310+07:00 ERROR 3382 --- [crud] [restartedMain] com.zaxxer.hikari.HikariConfig           : Failed to load driver class com.mysql.cj.jdbc.Driver from HikariConfig class classloader jdk.internal.loader.ClassLoaders$AppClassLoader@76ed5528
2025-03-19T11:34:41.312+07:00  WARN 3382 --- [crud] [restartedMain] ConfigServletWebServerApplicationContext : Exception encountered during context initialization - cancelling refresh attempt: org.springframework.beans.factory.BeanCreationException: Error creating bean with name 'entityManagerFactory' defined in class path resource [org/springframework/boot/autoconfigure/orm/jpa/HibernateJpaConfiguration.class]: Failed to initialize dependency 'dataSourceScriptDatabaseInitializer' of LoadTimeWeaverAware bean 'entityManagerFactory': Error creating bean with name 'dataSourceScriptDatabaseInitializer' defined in class path resource [org/springframework/boot/autoconfigure/sql/init/DataSourceInitializationConfiguration.class]: Unsatisfied dependency expressed through method 'dataSourceScriptDatabaseInitializer' parameter 0: Error creating bean with name 'dataSource' defined in class path resource [org/springframework/boot/autoconfigure/jdbc/DataSourceConfiguration$Hikari.class]: Failed to instantiate [com.zaxxer.hikari.HikariDataSource]: Factory method 'dataSource' threw exception with message: Failed to load driver class com.mysql.cj.jdbc.Driver in either of HikariConfig class loader or Thread context classloader
2025-03-19T11:34:41.317+07:00  INFO 3382 --- [crud] [restartedMain] o.apache.catalina.core.StandardService   : Stopping service [Tomcat]
2025-03-19T11:34:41.334+07:00  INFO 3382 --- [crud] [restartedMain] .s.b.a.l.ConditionEvaluationReportLogger : 

Error starting ApplicationContext. To display the condition evaluation report re-run your application with 'debug' enabled.
2025-03-19T11:34:41.362+07:00 ERROR 3382 --- [crud] [restartedMain] o.s.boot.SpringApplication               : Application run failed

org.springframework.beans.factory.BeanCreationException: Error creating bean with name 'entityManagerFactory' defined in class path resource [org/springframework/boot/autoconfigure/orm/jpa/HibernateJpaConfiguration.class]: Failed to initialize dependency 'dataSourceScriptDatabaseInitializer' of LoadTimeWeaverAware bean 'entityManagerFactory': Error creating bean with name 'dataSourceScriptDatabaseInitializer' defined in class path resource [org/springframework/boot/autoconfigure/sql/init/DataSourceInitializationConfiguration.class]: Unsatisfied dependency expressed through method 'dataSourceScriptDatabaseInitializer' parameter 0: Error creating bean with name 'dataSource' defined in class path resource [org/springframework/boot/autoconfigure/jdbc/DataSourceConfiguration$Hikari.class]: Failed to instantiate [com.zaxxer.hikari.HikariDataSource]: Factory method 'dataSource' threw exception with message: Failed to load driver class com.mysql.cj.jdbc.Driver in either of HikariConfig class loader or Thread context classloader
	at org.springframework.beans.factory.support.AbstractBeanFactory.doGetBean(AbstractBeanFactory.java:328) ~[spring-beans-6.2.3.jar:6.2.3]
	at org.springframework.beans.factory.support.AbstractBeanFactory.getBean(AbstractBeanFactory.java:207) ~[spring-beans-6.2.3.jar:6.2.3]
	at org.springframework.context.support.AbstractApplicationContext.finishBeanFactoryInitialization(AbstractApplicationContext.java:970) ~[spring-context-6.2.3.jar:6.2.3]
	at org.springframework.context.support.AbstractApplicationContext.refresh(AbstractApplicationContext.java:627) ~[spring-context-6.2.3.jar:6.2.3]
	at org.springframework.boot.web.servlet.context.ServletWebServerApplicationContext.refresh(ServletWebServerApplicationContext.java:146) ~[spring-boot-3.4.3.jar:3.4.3]
	at org.springframework.boot.SpringApplication.refresh(SpringApplication.java:752) ~[spring-boot-3.4.3.jar:3.4.3]
	at org.springframework.boot.SpringApplication.refreshContext(SpringApplication.java:439) ~[spring-boot-3.4.3.jar:3.4.3]
	at org.springframework.boot.SpringApplication.run(SpringApplication.java:318) ~[spring-boot-3.4.3.jar:3.4.3]
	at org.springframework.boot.SpringApplication.run(SpringApplication.java:1361) ~[spring-boot-3.4.3.jar:3.4.3]
	at org.springframework.boot.SpringApplication.run(SpringApplication.java:1350) ~[spring-boot-3.4.3.jar:3.4.3]
	at com.mvc.crud.CrudApplication.main(CrudApplication.java:10) ~[classes/:na]
	at java.base/jdk.internal.reflect.DirectMethodHandleAccessor.invoke(DirectMethodHandleAccessor.java:103) ~[na:na]
	at java.base/java.lang.reflect.Method.invoke(Method.java:580) ~[na:na]
	at org.springframework.boot.devtools.restart.RestartLauncher.run(RestartLauncher.java:50) ~[spring-boot-devtools-3.4.3.jar:3.4.3]
Caused by: org.springframework.beans.factory.UnsatisfiedDependencyException: Error creating bean with name 'dataSourceScriptDatabaseInitializer' defined in class path resource [org/springframework/boot/autoconfigure/sql/init/DataSourceInitializationConfiguration.class]: Unsatisfied dependency expressed through method 'dataSourceScriptDatabaseInitializer' parameter 0: Error creating bean with name 'dataSource' defined in class path resource [org/springframework/boot/autoconfigure/jdbc/DataSourceConfiguration$Hikari.class]: Failed to instantiate [com.zaxxer.hikari.HikariDataSource]: Factory method 'dataSource' threw exception with message: Failed to load driver class com.mysql.cj.jdbc.Driver in either of HikariConfig class loader or Thread context classloader
	at org.springframework.beans.factory.support.ConstructorResolver.createArgumentArray(ConstructorResolver.java:804) ~[spring-beans-6.2.3.jar:6.2.3]
	at org.springframework.beans.factory.support.ConstructorResolver.instantiateUsingFactoryMethod(ConstructorResolver.java:546) ~[spring-beans-6.2.3.jar:6.2.3]
	at org.springframework.beans.factory.support.AbstractAutowireCapableBeanFactory.instantiateUsingFactoryMethod(AbstractAutowireCapableBeanFactory.java:1361) ~[spring-beans-6.2.3.jar:6.2.3]
	at org.springframework.beans.factory.support.AbstractAutowireCapableBeanFactory.createBeanInstance(AbstractAutowireCapableBeanFactory.java:1191) ~[spring-beans-6.2.3.jar:6.2.3]
	at org.springframework.beans.factory.support.AbstractAutowireCapableBeanFactory.doCreateBean(AbstractAutowireCapableBeanFactory.java:563) ~[spring-beans-6.2.3.jar:6.2.3]
	at org.springframework.beans.factory.support.AbstractAutowireCapableBeanFactory.createBean(AbstractAutowireCapableBeanFactory.java:523) ~[spring-beans-6.2.3.jar:6.2.3]
	at org.springframework.beans.factory.support.AbstractBeanFactory.lambda$doGetBean$0(AbstractBeanFactory.java:339) ~[spring-beans-6.2.3.jar:6.2.3]
	at org.springframework.beans.factory.support.DefaultSingletonBeanRegistry.getSingleton(DefaultSingletonBeanRegistry.java:346) ~[spring-beans-6.2.3.jar:6.2.3]
	at org.springframework.beans.factory.support.AbstractBeanFactory.doGetBean(AbstractBeanFactory.java:337) ~[spring-beans-6.2.3.jar:6.2.3]
	at org.springframework.beans.factory.support.AbstractBeanFactory.getBean(AbstractBeanFactory.java:202) ~[spring-beans-6.2.3.jar:6.2.3]
	at org.springframework.beans.factory.support.AbstractBeanFactory.doGetBean(AbstractBeanFactory.java:315) ~[spring-beans-6.2.3.jar:6.2.3]
	... 13 common frames omitted
Caused by: org.springframework.beans.factory.BeanCreationException: Error creating bean with name 'dataSource' defined in class path resource [org/springframework/boot/autoconfigure/jdbc/DataSourceConfiguration$Hikari.class]: Failed to instantiate [com.zaxxer.hikari.HikariDataSource]: Factory method 'dataSource' threw exception with message: Failed to load driver class com.mysql.cj.jdbc.Driver in either of HikariConfig class loader or Thread context classloader
	at org.springframework.beans.factory.support.ConstructorResolver.instantiate(ConstructorResolver.java:657) ~[spring-beans-6.2.3.jar:6.2.3]
	at org.springframework.beans.factory.support.ConstructorResolver.instantiateUsingFactoryMethod(ConstructorResolver.java:645) ~[spring-beans-6.2.3.jar:6.2.3]
	at org.springframework.beans.factory.support.AbstractAutowireCapableBeanFactory.instantiateUsingFactoryMethod(AbstractAutowireCapableBeanFactory.java:1361) ~[spring-beans-6.2.3.jar:6.2.3]
	at org.springframework.beans.factory.support.AbstractAutowireCapableBeanFactory.createBeanInstance(AbstractAutowireCapableBeanFactory.java:1191) ~[spring-beans-6.2.3.jar:6.2.3]
	at org.springframework.beans.factory.support.AbstractAutowireCapableBeanFactory.doCreateBean(AbstractAutowireCapableBeanFactory.java:563) ~[spring-beans-6.2.3.jar:6.2.3]
	at org.springframework.beans.factory.support.AbstractAutowireCapableBeanFactory.createBean(AbstractAutowireCapableBeanFactory.java:523) ~[spring-beans-6.2.3.jar:6.2.3]
	at org.springframework.beans.factory.support.AbstractBeanFactory.lambda$doGetBean$0(AbstractBeanFactory.java:339) ~[spring-beans-6.2.3.jar:6.2.3]
	at org.springframework.beans.factory.support.DefaultSingletonBeanRegistry.getSingleton(DefaultSingletonBeanRegistry.java:346) ~[spring-beans-6.2.3.jar:6.2.3]
	at org.springframework.beans.factory.support.AbstractBeanFactory.doGetBean(AbstractBeanFactory.java:337) ~[spring-beans-6.2.3.jar:6.2.3]
	at org.springframework.beans.factory.support.AbstractBeanFactory.getBean(AbstractBeanFactory.java:202) ~[spring-beans-6.2.3.jar:6.2.3]
	at org.springframework.beans.factory.support.DefaultListableBeanFactory.doResolveDependency(DefaultListableBeanFactory.java:1606) ~[spring-beans-6.2.3.jar:6.2.3]
	at org.springframework.beans.factory.support.DefaultListableBeanFactory.resolveDependency(DefaultListableBeanFactory.java:1552) ~[spring-beans-6.2.3.jar:6.2.3]
	at org.springframework.beans.factory.support.ConstructorResolver.resolveAutowiredArgument(ConstructorResolver.java:913) ~[spring-beans-6.2.3.jar:6.2.3]
	at org.springframework.beans.factory.support.ConstructorResolver.createArgumentArray(ConstructorResolver.java:791) ~[spring-beans-6.2.3.jar:6.2.3]
	... 23 common frames omitted
Caused by: org.springframework.beans.BeanInstantiationException: Failed to instantiate [com.zaxxer.hikari.HikariDataSource]: Factory method 'dataSource' threw exception with message: Failed to load driver class com.mysql.cj.jdbc.Driver in either of HikariConfig class loader or Thread context classloader
	at org.springframework.beans.factory.support.SimpleInstantiationStrategy.lambda$instantiate$0(SimpleInstantiationStrategy.java:199) ~[spring-beans-6.2.3.jar:6.2.3]
	at org.springframework.beans.factory.support.SimpleInstantiationStrategy.instantiateWithFactoryMethod(SimpleInstantiationStrategy.java:88) ~[spring-beans-6.2.3.jar:6.2.3]
	at org.springframework.beans.factory.support.SimpleInstantiationStrategy.instantiate(SimpleInstantiationStrategy.java:168) ~[spring-beans-6.2.3.jar:6.2.3]
	at org.springframework.beans.factory.support.ConstructorResolver.instantiate(ConstructorResolver.java:653) ~[spring-beans-6.2.3.jar:6.2.3]
	... 36 common frames omitted
Caused by: java.lang.RuntimeException: Failed to load driver class com.mysql.cj.jdbc.Driver in either of HikariConfig class loader or Thread context classloader
	at com.zaxxer.hikari.HikariConfig.setDriverClassName(HikariConfig.java:494) ~[HikariCP-5.1.0.jar:na]
	at org.springframework.boot.jdbc.DataSourceBuilder$MappedDataSourceProperty.set(DataSourceBuilder.java:480) ~[spring-boot-3.4.3.jar:3.4.3]
	at org.springframework.boot.jdbc.DataSourceBuilder$MappedDataSourceProperties.set(DataSourceBuilder.java:374) ~[spring-boot-3.4.3.jar:3.4.3]
	at org.springframework.boot.jdbc.DataSourceBuilder.build(DataSourceBuilder.java:184) ~[spring-boot-3.4.3.jar:3.4.3]
	at org.springframework.boot.autoconfigure.jdbc.DataSourceConfiguration.createDataSource(DataSourceConfiguration.java:59) ~[spring-boot-autoconfigure-3.4.3.jar:3.4.3]
	at org.springframework.boot.autoconfigure.jdbc.DataSourceConfiguration$Hikari.dataSource(DataSourceConfiguration.java:117) ~[spring-boot-autoconfigure-3.4.3.jar:3.4.3]
	at java.base/jdk.internal.reflect.DirectMethodHandleAccessor.invoke(DirectMethodHandleAccessor.java:103) ~[na:na]
	at java.base/java.lang.reflect.Method.invoke(Method.java:580) ~[na:na]
	at org.springframework.beans.factory.support.SimpleInstantiationStrategy.lambda$instantiate$0(SimpleInstantiationStrategy.java:171) ~[spring-beans-6.2.3.jar:6.2.3]
	... 39 common frames omitted

2025-03-19T11:38:15.483+07:00  INFO 3557 --- [crud] [restartedMain] com.mvc.crud.CrudApplication             : Starting CrudApplication using Java 21.0.5 with PID 3557 (/home/tony/Documents/Spring Boot Course/Section 7 - MVC CRUD/target/classes started by tony in /home/tony/Documents/Spring Boot Course/Section 7 - MVC CRUD)
2025-03-19T11:38:15.488+07:00  INFO 3557 --- [crud] [restartedMain] com.mvc.crud.CrudApplication             : No active profile set, falling back to 1 default profile: "default"
2025-03-19T11:38:15.565+07:00  INFO 3557 --- [crud] [restartedMain] .e.DevToolsPropertyDefaultsPostProcessor : Devtools property defaults active! Set 'spring.devtools.add-properties' to 'false' to disable
2025-03-19T11:38:15.565+07:00  INFO 3557 --- [crud] [restartedMain] .e.DevToolsPropertyDefaultsPostProcessor : For additional web related logging consider setting the 'logging.level.web' property to 'DEBUG'
2025-03-19T11:38:16.458+07:00  INFO 3557 --- [crud] [restartedMain] .s.d.r.c.RepositoryConfigurationDelegate : Bootstrapping Spring Data JPA repositories in DEFAULT mode.
2025-03-19T11:38:16.487+07:00  INFO 3557 --- [crud] [restartedMain] .s.d.r.c.RepositoryConfigurationDelegate : Finished Spring Data repository scanning in 17 ms. Found 0 JPA repository interfaces.
2025-03-19T11:38:17.224+07:00  INFO 3557 --- [crud] [restartedMain] o.s.b.w.embedded.tomcat.TomcatWebServer  : Tomcat initialized with port 8000 (http)
2025-03-19T11:38:17.248+07:00  INFO 3557 --- [crud] [restartedMain] o.apache.catalina.core.StandardService   : Starting service [Tomcat]
2025-03-19T11:38:17.249+07:00  INFO 3557 --- [crud] [restartedMain] o.apache.catalina.core.StandardEngine    : Starting Servlet engine: [Apache Tomcat/10.1.36]
2025-03-19T11:38:17.292+07:00  INFO 3557 --- [crud] [restartedMain] o.a.c.c.C.[Tomcat].[localhost].[/]       : Initializing Spring embedded WebApplicationContext
2025-03-19T11:38:17.293+07:00  INFO 3557 --- [crud] [restartedMain] w.s.c.ServletWebServerApplicationContext : Root WebApplicationContext: initialization completed in 1726 ms
2025-03-19T11:38:17.464+07:00  INFO 3557 --- [crud] [restartedMain] com.zaxxer.hikari.HikariDataSource       : HikariPool-1 - Starting...
2025-03-19T11:38:17.988+07:00  INFO 3557 --- [crud] [restartedMain] com.zaxxer.hikari.pool.HikariPool        : HikariPool-1 - Added connection com.mysql.cj.jdbc.ConnectionImpl@5034252a
2025-03-19T11:38:17.991+07:00  INFO 3557 --- [crud] [restartedMain] com.zaxxer.hikari.HikariDataSource       : HikariPool-1 - Start completed.
2025-03-19T11:38:18.572+07:00  INFO 3557 --- [crud] [restartedMain] o.s.o.j.p.SpringPersistenceUnitInfo      : No LoadTimeWeaver setup: ignoring JPA class transformer
2025-03-19T11:38:19.664+07:00  INFO 3557 --- [crud] [restartedMain] j.LocalContainerEntityManagerFactoryBean : Initialized JPA EntityManagerFactory for persistence unit 'default'
2025-03-19T11:38:19.822+07:00  WARN 3557 --- [crud] [restartedMain] JpaBaseConfiguration$JpaWebConfiguration : spring.jpa.open-in-view is enabled by default. Therefore, database queries may be performed during view rendering. Explicitly configure spring.jpa.open-in-view to disable this warning
2025-03-19T11:38:19.957+07:00 DEBUG 3557 --- [crud] [restartedMain] s.w.s.m.m.a.RequestMappingHandlerMapping : 7 mappings in 'requestMappingHandlerMapping'
2025-03-19T11:38:20.076+07:00 DEBUG 3557 --- [crud] [restartedMain] o.s.w.s.handler.SimpleUrlHandlerMapping  : Patterns [/webjars/**, /**] in 'resourceHandlerMapping'
2025-03-19T11:38:20.122+07:00 DEBUG 3557 --- [crud] [restartedMain] s.w.s.m.m.a.RequestMappingHandlerAdapter : ControllerAdvice beans: 0 @ModelAttribute, 0 @InitBinder, 1 RequestBodyAdvice, 1 ResponseBodyAdvice
2025-03-19T11:38:20.247+07:00 DEBUG 3557 --- [crud] [restartedMain] .m.m.a.ExceptionHandlerExceptionResolver : ControllerAdvice beans: 0 @ExceptionHandler, 1 ResponseBodyAdvice
2025-03-19T11:38:20.365+07:00  INFO 3557 --- [crud] [restartedMain] o.s.b.d.a.OptionalLiveReloadServer       : LiveReload server is running on port 35729
2025-03-19T11:38:20.399+07:00  INFO 3557 --- [crud] [restartedMain] o.s.b.w.embedded.tomcat.TomcatWebServer  : Tomcat started on port 8000 (http) with context path '/'
2025-03-19T11:38:20.410+07:00  INFO 3557 --- [crud] [restartedMain] com.mvc.crud.CrudApplication             : Started CrudApplication in 5.692 seconds (process running for 6.442)
2025-03-19T11:38:28.994+07:00  INFO 3557 --- [crud] [http-nio-8000-exec-1] o.a.c.c.C.[Tomcat].[localhost].[/]       : Initializing Spring DispatcherServlet 'dispatcherServlet'
2025-03-19T11:38:28.995+07:00  INFO 3557 --- [crud] [http-nio-8000-exec-1] o.s.web.servlet.DispatcherServlet        : Initializing Servlet 'dispatcherServlet'
2025-03-19T11:38:28.995+07:00 DEBUG 3557 --- [crud] [http-nio-8000-exec-1] o.s.web.servlet.DispatcherServlet        : Detected StandardServletMultipartResolver
2025-03-19T11:38:28.996+07:00 DEBUG 3557 --- [crud] [http-nio-8000-exec-1] o.s.web.servlet.DispatcherServlet        : Detected AcceptHeaderLocaleResolver
2025-03-19T11:38:28.996+07:00 DEBUG 3557 --- [crud] [http-nio-8000-exec-1] o.s.web.servlet.DispatcherServlet        : Detected FixedThemeResolver
2025-03-19T11:38:28.998+07:00 DEBUG 3557 --- [crud] [http-nio-8000-exec-1] o.s.web.servlet.DispatcherServlet        : Detected org.springframework.web.servlet.view.DefaultRequestToViewNameTranslator@7ba15dab
2025-03-19T11:38:29.000+07:00 DEBUG 3557 --- [crud] [http-nio-8000-exec-1] o.s.web.servlet.DispatcherServlet        : Detected org.springframework.web.servlet.support.SessionFlashMapManager@6a54e2f0
2025-03-19T11:38:29.000+07:00 DEBUG 3557 --- [crud] [http-nio-8000-exec-1] o.s.web.servlet.DispatcherServlet        : enableLoggingRequestDetails='false': request parameters and headers will be masked to prevent unsafe logging of potentially sensitive data
2025-03-19T11:38:29.000+07:00  INFO 3557 --- [crud] [http-nio-8000-exec-1] o.s.web.servlet.DispatcherServlet        : Completed initialization in 5 ms
2025-03-19T11:38:29.013+07:00 DEBUG 3557 --- [crud] [http-nio-8000-exec-1] o.s.web.servlet.DispatcherServlet        : GET "/", parameters={}
2025-03-19T11:38:29.028+07:00 DEBUG 3557 --- [crud] [http-nio-8000-exec-1] s.w.s.m.m.a.RequestMappingHandlerMapping : Mapped to com.mvc.crud.controller.EmployedController#index(Model)
2025-03-19T11:38:29.535+07:00 DEBUG 3557 --- [crud] [http-nio-8000-exec-1] o.s.w.s.v.ContentNegotiatingViewResolver : Selected 'text/html' given [text/html, application/xhtml+xml, application/xml;q=0.9, */*;q=0.8]
2025-03-19T11:38:29.764+07:00 ERROR 3557 --- [crud] [http-nio-8000-exec-1] org.thymeleaf.TemplateEngine             : [THYMELEAF][http-nio-8000-exec-1] Exception processing template "employee-list": An error happened during template parsing (template: "class path resource [templates/employee-list.html]")

org.thymeleaf.exceptions.TemplateInputException: An error happened during template parsing (template: "class path resource [templates/employee-list.html]")
	at org.thymeleaf.templateparser.markup.AbstractMarkupTemplateParser.parse(AbstractMarkupTemplateParser.java:241) ~[thymeleaf-3.1.3.RELEASE.jar:3.1.3.RELEASE]
	at org.thymeleaf.templateparser.markup.AbstractMarkupTemplateParser.parseStandalone(AbstractMarkupTemplateParser.java:100) ~[thymeleaf-3.1.3.RELEASE.jar:3.1.3.RELEASE]
	at org.thymeleaf.engine.TemplateManager.parseAndProcess(TemplateManager.java:666) ~[thymeleaf-3.1.3.RELEASE.jar:3.1.3.RELEASE]
	at org.thymeleaf.TemplateEngine.process(TemplateEngine.java:1103) ~[thymeleaf-3.1.3.RELEASE.jar:3.1.3.RELEASE]
	at org.thymeleaf.TemplateEngine.process(TemplateEngine.java:1077) ~[thymeleaf-3.1.3.RELEASE.jar:3.1.3.RELEASE]
	at org.thymeleaf.spring6.view.ThymeleafView.renderFragment(ThymeleafView.java:372) ~[thymeleaf-spring6-3.1.3.RELEASE.jar:3.1.3.RELEASE]
	at org.thymeleaf.spring6.view.ThymeleafView.render(ThymeleafView.java:192) ~[thymeleaf-spring6-3.1.3.RELEASE.jar:3.1.3.RELEASE]
	at org.springframework.web.servlet.DispatcherServlet.render(DispatcherServlet.java:1435) ~[spring-webmvc-6.2.3.jar:6.2.3]
	at org.springframework.web.servlet.DispatcherServlet.processDispatchResult(DispatcherServlet.java:1167) ~[spring-webmvc-6.2.3.jar:6.2.3]
	at org.springframework.web.servlet.DispatcherServlet.doDispatch(DispatcherServlet.java:1105) ~[spring-webmvc-6.2.3.jar:6.2.3]
	at org.springframework.web.servlet.DispatcherServlet.doService(DispatcherServlet.java:978) ~[spring-webmvc-6.2.3.jar:6.2.3]
	at org.springframework.web.servlet.FrameworkServlet.processRequest(FrameworkServlet.java:1014) ~[spring-webmvc-6.2.3.jar:6.2.3]
	at org.springframework.web.servlet.FrameworkServlet.doGet(FrameworkServlet.java:903) ~[spring-webmvc-6.2.3.jar:6.2.3]
	at jakarta.servlet.http.HttpServlet.service(HttpServlet.java:564) ~[tomcat-embed-core-10.1.36.jar:6.0]
	at org.springframework.web.servlet.FrameworkServlet.service(FrameworkServlet.java:885) ~[spring-webmvc-6.2.3.jar:6.2.3]
	at jakarta.servlet.http.HttpServlet.service(HttpServlet.java:658) ~[tomcat-embed-core-10.1.36.jar:6.0]
	at org.apache.catalina.core.ApplicationFilterChain.internalDoFilter(ApplicationFilterChain.java:195) ~[tomcat-embed-core-10.1.36.jar:10.1.36]
	at org.apache.catalina.core.ApplicationFilterChain.doFilter(ApplicationFilterChain.java:140) ~[tomcat-embed-core-10.1.36.jar:10.1.36]
	at org.apache.tomcat.websocket.server.WsFilter.doFilter(WsFilter.java:51) ~[tomcat-embed-websocket-10.1.36.jar:10.1.36]
	at org.apache.catalina.core.ApplicationFilterChain.internalDoFilter(ApplicationFilterChain.java:164) ~[tomcat-embed-core-10.1.36.jar:10.1.36]
	at org.apache.catalina.core.ApplicationFilterChain.doFilter(ApplicationFilterChain.java:140) ~[tomcat-embed-core-10.1.36.jar:10.1.36]
	at org.springframework.web.filter.RequestContextFilter.doFilterInternal(RequestContextFilter.java:100) ~[spring-web-6.2.3.jar:6.2.3]
	at org.springframework.web.filter.OncePerRequestFilter.doFilter(OncePerRequestFilter.java:116) ~[spring-web-6.2.3.jar:6.2.3]
	at org.apache.catalina.core.ApplicationFilterChain.internalDoFilter(ApplicationFilterChain.java:164) ~[tomcat-embed-core-10.1.36.jar:10.1.36]
	at org.apache.catalina.core.ApplicationFilterChain.doFilter(ApplicationFilterChain.java:140) ~[tomcat-embed-core-10.1.36.jar:10.1.36]
	at org.springframework.web.filter.FormContentFilter.doFilterInternal(FormContentFilter.java:93) ~[spring-web-6.2.3.jar:6.2.3]
	at org.springframework.web.filter.OncePerRequestFilter.doFilter(OncePerRequestFilter.java:116) ~[spring-web-6.2.3.jar:6.2.3]
	at org.apache.catalina.core.ApplicationFilterChain.internalDoFilter(ApplicationFilterChain.java:164) ~[tomcat-embed-core-10.1.36.jar:10.1.36]
	at org.apache.catalina.core.ApplicationFilterChain.doFilter(ApplicationFilterChain.java:140) ~[tomcat-embed-core-10.1.36.jar:10.1.36]
	at org.springframework.web.filter.CharacterEncodingFilter.doFilterInternal(CharacterEncodingFilter.java:201) ~[spring-web-6.2.3.jar:6.2.3]
	at org.springframework.web.filter.OncePerRequestFilter.doFilter(OncePerRequestFilter.java:116) ~[spring-web-6.2.3.jar:6.2.3]
	at org.apache.catalina.core.ApplicationFilterChain.internalDoFilter(ApplicationFilterChain.java:164) ~[tomcat-embed-core-10.1.36.jar:10.1.36]
	at org.apache.catalina.core.ApplicationFilterChain.doFilter(ApplicationFilterChain.java:140) ~[tomcat-embed-core-10.1.36.jar:10.1.36]
	at org.apache.catalina.core.StandardWrapperValve.invoke(StandardWrapperValve.java:167) ~[tomcat-embed-core-10.1.36.jar:10.1.36]
	at org.apache.catalina.core.StandardContextValve.invoke(StandardContextValve.java:90) ~[tomcat-embed-core-10.1.36.jar:10.1.36]
	at org.apache.catalina.authenticator.AuthenticatorBase.invoke(AuthenticatorBase.java:483) ~[tomcat-embed-core-10.1.36.jar:10.1.36]
	at org.apache.catalina.core.StandardHostValve.invoke(StandardHostValve.java:115) ~[tomcat-embed-core-10.1.36.jar:10.1.36]
	at org.apache.catalina.valves.ErrorReportValve.invoke(ErrorReportValve.java:93) ~[tomcat-embed-core-10.1.36.jar:10.1.36]
	at org.apache.catalina.core.StandardEngineValve.invoke(StandardEngineValve.java:74) ~[tomcat-embed-core-10.1.36.jar:10.1.36]
	at org.apache.catalina.connector.CoyoteAdapter.service(CoyoteAdapter.java:344) ~[tomcat-embed-core-10.1.36.jar:10.1.36]
	at org.apache.coyote.http11.Http11Processor.service(Http11Processor.java:397) ~[tomcat-embed-core-10.1.36.jar:10.1.36]
	at org.apache.coyote.AbstractProcessorLight.process(AbstractProcessorLight.java:63) ~[tomcat-embed-core-10.1.36.jar:10.1.36]
	at org.apache.coyote.AbstractProtocol$ConnectionHandler.process(AbstractProtocol.java:905) ~[tomcat-embed-core-10.1.36.jar:10.1.36]
	at org.apache.tomcat.util.net.NioEndpoint$SocketProcessor.doRun(NioEndpoint.java:1743) ~[tomcat-embed-core-10.1.36.jar:10.1.36]
	at org.apache.tomcat.util.net.SocketProcessorBase.run(SocketProcessorBase.java:52) ~[tomcat-embed-core-10.1.36.jar:10.1.36]
	at org.apache.tomcat.util.threads.ThreadPoolExecutor.runWorker(ThreadPoolExecutor.java:1190) ~[tomcat-embed-core-10.1.36.jar:10.1.36]
	at org.apache.tomcat.util.threads.ThreadPoolExecutor$Worker.run(ThreadPoolExecutor.java:659) ~[tomcat-embed-core-10.1.36.jar:10.1.36]
	at org.apache.tomcat.util.threads.TaskThread$WrappingRunnable.run(TaskThread.java:63) ~[tomcat-embed-core-10.1.36.jar:10.1.36]
	at java.base/java.lang.Thread.run(Thread.java:1583) ~[na:na]
Caused by: org.attoparser.ParseException: Could not parse as each: "employee : ${employees}}" (template: "employee-list" - line 23, col 9)
	at org.attoparser.MarkupParser.parseDocument(MarkupParser.java:393) ~[attoparser-2.0.7.RELEASE.jar:2.0.7.RELEASE]
	at org.attoparser.MarkupParser.parse(MarkupParser.java:257) ~[attoparser-2.0.7.RELEASE.jar:2.0.7.RELEASE]
	at org.thymeleaf.templateparser.markup.AbstractMarkupTemplateParser.parse(AbstractMarkupTemplateParser.java:230) ~[thymeleaf-3.1.3.RELEASE.jar:3.1.3.RELEASE]
	... 48 common frames omitted
Caused by: org.thymeleaf.exceptions.TemplateProcessingException: Could not parse as each: "employee : ${employees}}" (template: "employee-list" - line 23, col 9)
	at org.thymeleaf.standard.expression.EachUtils.parseEach(EachUtils.java:68) ~[thymeleaf-3.1.3.RELEASE.jar:3.1.3.RELEASE]
	at org.thymeleaf.standard.processor.StandardEachTagProcessor.doProcess(StandardEachTagProcessor.java:59) ~[thymeleaf-3.1.3.RELEASE.jar:3.1.3.RELEASE]
	at org.thymeleaf.processor.element.AbstractAttributeTagProcessor.doProcess(AbstractAttributeTagProcessor.java:74) ~[thymeleaf-3.1.3.RELEASE.jar:3.1.3.RELEASE]
	at org.thymeleaf.processor.element.AbstractElementTagProcessor.process(AbstractElementTagProcessor.java:95) ~[thymeleaf-3.1.3.RELEASE.jar:3.1.3.RELEASE]
	at org.thymeleaf.util.ProcessorConfigurationUtils$ElementTagProcessorWrapper.process(ProcessorConfigurationUtils.java:633) ~[thymeleaf-3.1.3.RELEASE.jar:3.1.3.RELEASE]
	at org.thymeleaf.engine.ProcessorTemplateHandler.handleOpenElement(ProcessorTemplateHandler.java:1314) ~[thymeleaf-3.1.3.RELEASE.jar:3.1.3.RELEASE]
	at org.thymeleaf.engine.TemplateHandlerAdapterMarkupHandler.handleOpenElementEnd(TemplateHandlerAdapterMarkupHandler.java:304) ~[thymeleaf-3.1.3.RELEASE.jar:3.1.3.RELEASE]
	at org.thymeleaf.templateparser.markup.InlinedOutputExpressionMarkupHandler$InlineMarkupAdapterPreProcessorHandler.handleOpenElementEnd(InlinedOutputExpressionMarkupHandler.java:278) ~[thymeleaf-3.1.3.RELEASE.jar:3.1.3.RELEASE]
	at org.thymeleaf.standard.inline.OutputExpressionInlinePreProcessorHandler.handleOpenElementEnd(OutputExpressionInlinePreProcessorHandler.java:186) ~[thymeleaf-3.1.3.RELEASE.jar:3.1.3.RELEASE]
	at org.thymeleaf.templateparser.markup.InlinedOutputExpressionMarkupHandler.handleOpenElementEnd(InlinedOutputExpressionMarkupHandler.java:124) ~[thymeleaf-3.1.3.RELEASE.jar:3.1.3.RELEASE]
	at org.attoparser.HtmlElement.handleOpenElementEnd(HtmlElement.java:109) ~[attoparser-2.0.7.RELEASE.jar:2.0.7.RELEASE]
	at org.attoparser.HtmlMarkupHandler.handleOpenElementEnd(HtmlMarkupHandler.java:297) ~[attoparser-2.0.7.RELEASE.jar:2.0.7.RELEASE]
	at org.attoparser.MarkupEventProcessorHandler.handleOpenElementEnd(MarkupEventProcessorHandler.java:402) ~[attoparser-2.0.7.RELEASE.jar:2.0.7.RELEASE]
	at org.attoparser.ParsingElementMarkupUtil.parseOpenElement(ParsingElementMarkupUtil.java:159) ~[attoparser-2.0.7.RELEASE.jar:2.0.7.RELEASE]
	at org.attoparser.MarkupParser.parseBuffer(MarkupParser.java:710) ~[attoparser-2.0.7.RELEASE.jar:2.0.7.RELEASE]
	at org.attoparser.MarkupParser.parseDocument(MarkupParser.java:301) ~[attoparser-2.0.7.RELEASE.jar:2.0.7.RELEASE]
	... 50 common frames omitted

2025-03-19T11:38:29.773+07:00 DEBUG 3557 --- [crud] [http-nio-8000-exec-1] o.s.web.servlet.DispatcherServlet        : Error rendering view [org.thymeleaf.spring6.view.ThymeleafView@484abcee]

org.thymeleaf.exceptions.TemplateInputException: An error happened during template parsing (template: "class path resource [templates/employee-list.html]")
	at org.thymeleaf.templateparser.markup.AbstractMarkupTemplateParser.parse(AbstractMarkupTemplateParser.java:241) ~[thymeleaf-3.1.3.RELEASE.jar:3.1.3.RELEASE]
	at org.thymeleaf.templateparser.markup.AbstractMarkupTemplateParser.parseStandalone(AbstractMarkupTemplateParser.java:100) ~[thymeleaf-3.1.3.RELEASE.jar:3.1.3.RELEASE]
	at org.thymeleaf.engine.TemplateManager.parseAndProcess(TemplateManager.java:666) ~[thymeleaf-3.1.3.RELEASE.jar:3.1.3.RELEASE]
	at org.thymeleaf.TemplateEngine.process(TemplateEngine.java:1103) ~[thymeleaf-3.1.3.RELEASE.jar:3.1.3.RELEASE]
	at org.thymeleaf.TemplateEngine.process(TemplateEngine.java:1077) ~[thymeleaf-3.1.3.RELEASE.jar:3.1.3.RELEASE]
	at org.thymeleaf.spring6.view.ThymeleafView.renderFragment(ThymeleafView.java:372) ~[thymeleaf-spring6-3.1.3.RELEASE.jar:3.1.3.RELEASE]
	at org.thymeleaf.spring6.view.ThymeleafView.render(ThymeleafView.java:192) ~[thymeleaf-spring6-3.1.3.RELEASE.jar:3.1.3.RELEASE]
	at org.springframework.web.servlet.DispatcherServlet.render(DispatcherServlet.java:1435) ~[spring-webmvc-6.2.3.jar:6.2.3]
	at org.springframework.web.servlet.DispatcherServlet.processDispatchResult(DispatcherServlet.java:1167) ~[spring-webmvc-6.2.3.jar:6.2.3]
	at org.springframework.web.servlet.DispatcherServlet.doDispatch(DispatcherServlet.java:1105) ~[spring-webmvc-6.2.3.jar:6.2.3]
	at org.springframework.web.servlet.DispatcherServlet.doService(DispatcherServlet.java:978) ~[spring-webmvc-6.2.3.jar:6.2.3]
	at org.springframework.web.servlet.FrameworkServlet.processRequest(FrameworkServlet.java:1014) ~[spring-webmvc-6.2.3.jar:6.2.3]
	at org.springframework.web.servlet.FrameworkServlet.doGet(FrameworkServlet.java:903) ~[spring-webmvc-6.2.3.jar:6.2.3]
	at jakarta.servlet.http.HttpServlet.service(HttpServlet.java:564) ~[tomcat-embed-core-10.1.36.jar:6.0]
	at org.springframework.web.servlet.FrameworkServlet.service(FrameworkServlet.java:885) ~[spring-webmvc-6.2.3.jar:6.2.3]
	at jakarta.servlet.http.HttpServlet.service(HttpServlet.java:658) ~[tomcat-embed-core-10.1.36.jar:6.0]
	at org.apache.catalina.core.ApplicationFilterChain.internalDoFilter(ApplicationFilterChain.java:195) ~[tomcat-embed-core-10.1.36.jar:10.1.36]
	at org.apache.catalina.core.ApplicationFilterChain.doFilter(ApplicationFilterChain.java:140) ~[tomcat-embed-core-10.1.36.jar:10.1.36]
	at org.apache.tomcat.websocket.server.WsFilter.doFilter(WsFilter.java:51) ~[tomcat-embed-websocket-10.1.36.jar:10.1.36]
	at org.apache.catalina.core.ApplicationFilterChain.internalDoFilter(ApplicationFilterChain.java:164) ~[tomcat-embed-core-10.1.36.jar:10.1.36]
	at org.apache.catalina.core.ApplicationFilterChain.doFilter(ApplicationFilterChain.java:140) ~[tomcat-embed-core-10.1.36.jar:10.1.36]
	at org.springframework.web.filter.RequestContextFilter.doFilterInternal(RequestContextFilter.java:100) ~[spring-web-6.2.3.jar:6.2.3]
	at org.springframework.web.filter.OncePerRequestFilter.doFilter(OncePerRequestFilter.java:116) ~[spring-web-6.2.3.jar:6.2.3]
	at org.apache.catalina.core.ApplicationFilterChain.internalDoFilter(ApplicationFilterChain.java:164) ~[tomcat-embed-core-10.1.36.jar:10.1.36]
	at org.apache.catalina.core.ApplicationFilterChain.doFilter(ApplicationFilterChain.java:140) ~[tomcat-embed-core-10.1.36.jar:10.1.36]
	at org.springframework.web.filter.FormContentFilter.doFilterInternal(FormContentFilter.java:93) ~[spring-web-6.2.3.jar:6.2.3]
	at org.springframework.web.filter.OncePerRequestFilter.doFilter(OncePerRequestFilter.java:116) ~[spring-web-6.2.3.jar:6.2.3]
	at org.apache.catalina.core.ApplicationFilterChain.internalDoFilter(ApplicationFilterChain.java:164) ~[tomcat-embed-core-10.1.36.jar:10.1.36]
	at org.apache.catalina.core.ApplicationFilterChain.doFilter(ApplicationFilterChain.java:140) ~[tomcat-embed-core-10.1.36.jar:10.1.36]
	at org.springframework.web.filter.CharacterEncodingFilter.doFilterInternal(CharacterEncodingFilter.java:201) ~[spring-web-6.2.3.jar:6.2.3]
	at org.springframework.web.filter.OncePerRequestFilter.doFilter(OncePerRequestFilter.java:116) ~[spring-web-6.2.3.jar:6.2.3]
	at org.apache.catalina.core.ApplicationFilterChain.internalDoFilter(ApplicationFilterChain.java:164) ~[tomcat-embed-core-10.1.36.jar:10.1.36]
	at org.apache.catalina.core.ApplicationFilterChain.doFilter(ApplicationFilterChain.java:140) ~[tomcat-embed-core-10.1.36.jar:10.1.36]
	at org.apache.catalina.core.StandardWrapperValve.invoke(StandardWrapperValve.java:167) ~[tomcat-embed-core-10.1.36.jar:10.1.36]
	at org.apache.catalina.core.StandardContextValve.invoke(StandardContextValve.java:90) ~[tomcat-embed-core-10.1.36.jar:10.1.36]
	at org.apache.catalina.authenticator.AuthenticatorBase.invoke(AuthenticatorBase.java:483) ~[tomcat-embed-core-10.1.36.jar:10.1.36]
	at org.apache.catalina.core.StandardHostValve.invoke(StandardHostValve.java:115) ~[tomcat-embed-core-10.1.36.jar:10.1.36]
	at org.apache.catalina.valves.ErrorReportValve.invoke(ErrorReportValve.java:93) ~[tomcat-embed-core-10.1.36.jar:10.1.36]
	at org.apache.catalina.core.StandardEngineValve.invoke(StandardEngineValve.java:74) ~[tomcat-embed-core-10.1.36.jar:10.1.36]
	at org.apache.catalina.connector.CoyoteAdapter.service(CoyoteAdapter.java:344) ~[tomcat-embed-core-10.1.36.jar:10.1.36]
	at org.apache.coyote.http11.Http11Processor.service(Http11Processor.java:397) ~[tomcat-embed-core-10.1.36.jar:10.1.36]
	at org.apache.coyote.AbstractProcessorLight.process(AbstractProcessorLight.java:63) ~[tomcat-embed-core-10.1.36.jar:10.1.36]
	at org.apache.coyote.AbstractProtocol$ConnectionHandler.process(AbstractProtocol.java:905) ~[tomcat-embed-core-10.1.36.jar:10.1.36]
	at org.apache.tomcat.util.net.NioEndpoint$SocketProcessor.doRun(NioEndpoint.java:1743) ~[tomcat-embed-core-10.1.36.jar:10.1.36]
	at org.apache.tomcat.util.net.SocketProcessorBase.run(SocketProcessorBase.java:52) ~[tomcat-embed-core-10.1.36.jar:10.1.36]
	at org.apache.tomcat.util.threads.ThreadPoolExecutor.runWorker(ThreadPoolExecutor.java:1190) ~[tomcat-embed-core-10.1.36.jar:10.1.36]
	at org.apache.tomcat.util.threads.ThreadPoolExecutor$Worker.run(ThreadPoolExecutor.java:659) ~[tomcat-embed-core-10.1.36.jar:10.1.36]
	at org.apache.tomcat.util.threads.TaskThread$WrappingRunnable.run(TaskThread.java:63) ~[tomcat-embed-core-10.1.36.jar:10.1.36]
	at java.base/java.lang.Thread.run(Thread.java:1583) ~[na:na]
Caused by: org.attoparser.ParseException: Could not parse as each: "employee : ${employees}}" (template: "employee-list" - line 23, col 9)
	at org.attoparser.MarkupParser.parseDocument(MarkupParser.java:393) ~[attoparser-2.0.7.RELEASE.jar:2.0.7.RELEASE]
	at org.attoparser.MarkupParser.parse(MarkupParser.java:257) ~[attoparser-2.0.7.RELEASE.jar:2.0.7.RELEASE]
	at org.thymeleaf.templateparser.markup.AbstractMarkupTemplateParser.parse(AbstractMarkupTemplateParser.java:230) ~[thymeleaf-3.1.3.RELEASE.jar:3.1.3.RELEASE]
	... 48 common frames omitted
Caused by: org.thymeleaf.exceptions.TemplateProcessingException: Could not parse as each: "employee : ${employees}}" (template: "employee-list" - line 23, col 9)
	at org.thymeleaf.standard.expression.EachUtils.parseEach(EachUtils.java:68) ~[thymeleaf-3.1.3.RELEASE.jar:3.1.3.RELEASE]
	at org.thymeleaf.standard.processor.StandardEachTagProcessor.doProcess(StandardEachTagProcessor.java:59) ~[thymeleaf-3.1.3.RELEASE.jar:3.1.3.RELEASE]
	at org.thymeleaf.processor.element.AbstractAttributeTagProcessor.doProcess(AbstractAttributeTagProcessor.java:74) ~[thymeleaf-3.1.3.RELEASE.jar:3.1.3.RELEASE]
	at org.thymeleaf.processor.element.AbstractElementTagProcessor.process(AbstractElementTagProcessor.java:95) ~[thymeleaf-3.1.3.RELEASE.jar:3.1.3.RELEASE]
	at org.thymeleaf.util.ProcessorConfigurationUtils$ElementTagProcessorWrapper.process(ProcessorConfigurationUtils.java:633) ~[thymeleaf-3.1.3.RELEASE.jar:3.1.3.RELEASE]
	at org.thymeleaf.engine.ProcessorTemplateHandler.handleOpenElement(ProcessorTemplateHandler.java:1314) ~[thymeleaf-3.1.3.RELEASE.jar:3.1.3.RELEASE]
	at org.thymeleaf.engine.TemplateHandlerAdapterMarkupHandler.handleOpenElementEnd(TemplateHandlerAdapterMarkupHandler.java:304) ~[thymeleaf-3.1.3.RELEASE.jar:3.1.3.RELEASE]
	at org.thymeleaf.templateparser.markup.InlinedOutputExpressionMarkupHandler$InlineMarkupAdapterPreProcessorHandler.handleOpenElementEnd(InlinedOutputExpressionMarkupHandler.java:278) ~[thymeleaf-3.1.3.RELEASE.jar:3.1.3.RELEASE]
	at org.thymeleaf.standard.inline.OutputExpressionInlinePreProcessorHandler.handleOpenElementEnd(OutputExpressionInlinePreProcessorHandler.java:186) ~[thymeleaf-3.1.3.RELEASE.jar:3.1.3.RELEASE]
	at org.thymeleaf.templateparser.markup.InlinedOutputExpressionMarkupHandler.handleOpenElementEnd(InlinedOutputExpressionMarkupHandler.java:124) ~[thymeleaf-3.1.3.RELEASE.jar:3.1.3.RELEASE]
	at org.attoparser.HtmlElement.handleOpenElementEnd(HtmlElement.java:109) ~[attoparser-2.0.7.RELEASE.jar:2.0.7.RELEASE]
	at org.attoparser.HtmlMarkupHandler.handleOpenElementEnd(HtmlMarkupHandler.java:297) ~[attoparser-2.0.7.RELEASE.jar:2.0.7.RELEASE]
	at org.attoparser.MarkupEventProcessorHandler.handleOpenElementEnd(MarkupEventProcessorHandler.java:402) ~[attoparser-2.0.7.RELEASE.jar:2.0.7.RELEASE]
	at org.attoparser.ParsingElementMarkupUtil.parseOpenElement(ParsingElementMarkupUtil.java:159) ~[attoparser-2.0.7.RELEASE.jar:2.0.7.RELEASE]
	at org.attoparser.MarkupParser.parseBuffer(MarkupParser.java:710) ~[attoparser-2.0.7.RELEASE.jar:2.0.7.RELEASE]
	at org.attoparser.MarkupParser.parseDocument(MarkupParser.java:301) ~[attoparser-2.0.7.RELEASE.jar:2.0.7.RELEASE]
	... 50 common frames omitted

2025-03-19T11:38:29.777+07:00 DEBUG 3557 --- [crud] [http-nio-8000-exec-1] o.s.web.servlet.DispatcherServlet        : Failed to complete request: org.thymeleaf.exceptions.TemplateInputException: An error happened during template parsing (template: "class path resource [templates/employee-list.html]")
2025-03-19T11:38:29.778+07:00 ERROR 3557 --- [crud] [http-nio-8000-exec-1] o.a.c.c.C.[.[.[/].[dispatcherServlet]    : Servlet.service() for servlet [dispatcherServlet] in context with path [] threw exception [Request processing failed: org.thymeleaf.exceptions.TemplateInputException: An error happened during template parsing (template: "class path resource [templates/employee-list.html]")] with root cause

org.thymeleaf.exceptions.TemplateProcessingException: Could not parse as each: "employee : ${employees}}" (template: "employee-list" - line 23, col 9)
	at org.thymeleaf.standard.expression.EachUtils.parseEach(EachUtils.java:68) ~[thymeleaf-3.1.3.RELEASE.jar:3.1.3.RELEASE]
	at org.thymeleaf.standard.processor.StandardEachTagProcessor.doProcess(StandardEachTagProcessor.java:59) ~[thymeleaf-3.1.3.RELEASE.jar:3.1.3.RELEASE]
	at org.thymeleaf.processor.element.AbstractAttributeTagProcessor.doProcess(AbstractAttributeTagProcessor.java:74) ~[thymeleaf-3.1.3.RELEASE.jar:3.1.3.RELEASE]
	at org.thymeleaf.processor.element.AbstractElementTagProcessor.process(AbstractElementTagProcessor.java:95) ~[thymeleaf-3.1.3.RELEASE.jar:3.1.3.RELEASE]
	at org.thymeleaf.util.ProcessorConfigurationUtils$ElementTagProcessorWrapper.process(ProcessorConfigurationUtils.java:633) ~[thymeleaf-3.1.3.RELEASE.jar:3.1.3.RELEASE]
	at org.thymeleaf.engine.ProcessorTemplateHandler.handleOpenElement(ProcessorTemplateHandler.java:1314) ~[thymeleaf-3.1.3.RELEASE.jar:3.1.3.RELEASE]
	at org.thymeleaf.engine.TemplateHandlerAdapterMarkupHandler.handleOpenElementEnd(TemplateHandlerAdapterMarkupHandler.java:304) ~[thymeleaf-3.1.3.RELEASE.jar:3.1.3.RELEASE]
	at org.thymeleaf.templateparser.markup.InlinedOutputExpressionMarkupHandler$InlineMarkupAdapterPreProcessorHandler.handleOpenElementEnd(InlinedOutputExpressionMarkupHandler.java:278) ~[thymeleaf-3.1.3.RELEASE.jar:3.1.3.RELEASE]
	at org.thymeleaf.standard.inline.OutputExpressionInlinePreProcessorHandler.handleOpenElementEnd(OutputExpressionInlinePreProcessorHandler.java:186) ~[thymeleaf-3.1.3.RELEASE.jar:3.1.3.RELEASE]
	at org.thymeleaf.templateparser.markup.InlinedOutputExpressionMarkupHandler.handleOpenElementEnd(InlinedOutputExpressionMarkupHandler.java:124) ~[thymeleaf-3.1.3.RELEASE.jar:3.1.3.RELEASE]
	at org.attoparser.HtmlElement.handleOpenElementEnd(HtmlElement.java:109) ~[attoparser-2.0.7.RELEASE.jar:2.0.7.RELEASE]
	at org.attoparser.HtmlMarkupHandler.handleOpenElementEnd(HtmlMarkupHandler.java:297) ~[attoparser-2.0.7.RELEASE.jar:2.0.7.RELEASE]
	at org.attoparser.MarkupEventProcessorHandler.handleOpenElementEnd(MarkupEventProcessorHandler.java:402) ~[attoparser-2.0.7.RELEASE.jar:2.0.7.RELEASE]
	at org.attoparser.ParsingElementMarkupUtil.parseOpenElement(ParsingElementMarkupUtil.java:159) ~[attoparser-2.0.7.RELEASE.jar:2.0.7.RELEASE]
	at org.attoparser.MarkupParser.parseBuffer(MarkupParser.java:710) ~[attoparser-2.0.7.RELEASE.jar:2.0.7.RELEASE]
	at org.attoparser.MarkupParser.parseDocument(MarkupParser.java:301) ~[attoparser-2.0.7.RELEASE.jar:2.0.7.RELEASE]
	at org.attoparser.MarkupParser.parse(MarkupParser.java:257) ~[attoparser-2.0.7.RELEASE.jar:2.0.7.RELEASE]
	at org.thymeleaf.templateparser.markup.AbstractMarkupTemplateParser.parse(AbstractMarkupTemplateParser.java:230) ~[thymeleaf-3.1.3.RELEASE.jar:3.1.3.RELEASE]
	at org.thymeleaf.templateparser.markup.AbstractMarkupTemplateParser.parseStandalone(AbstractMarkupTemplateParser.java:100) ~[thymeleaf-3.1.3.RELEASE.jar:3.1.3.RELEASE]
	at org.thymeleaf.engine.TemplateManager.parseAndProcess(TemplateManager.java:666) ~[thymeleaf-3.1.3.RELEASE.jar:3.1.3.RELEASE]
	at org.thymeleaf.TemplateEngine.process(TemplateEngine.java:1103) ~[thymeleaf-3.1.3.RELEASE.jar:3.1.3.RELEASE]
	at org.thymeleaf.TemplateEngine.process(TemplateEngine.java:1077) ~[thymeleaf-3.1.3.RELEASE.jar:3.1.3.RELEASE]
	at org.thymeleaf.spring6.view.ThymeleafView.renderFragment(ThymeleafView.java:372) ~[thymeleaf-spring6-3.1.3.RELEASE.jar:3.1.3.RELEASE]
	at org.thymeleaf.spring6.view.ThymeleafView.render(ThymeleafView.java:192) ~[thymeleaf-spring6-3.1.3.RELEASE.jar:3.1.3.RELEASE]
	at org.springframework.web.servlet.DispatcherServlet.render(DispatcherServlet.java:1435) ~[spring-webmvc-6.2.3.jar:6.2.3]
	at org.springframework.web.servlet.DispatcherServlet.processDispatchResult(DispatcherServlet.java:1167) ~[spring-webmvc-6.2.3.jar:6.2.3]
	at org.springframework.web.servlet.DispatcherServlet.doDispatch(DispatcherServlet.java:1105) ~[spring-webmvc-6.2.3.jar:6.2.3]
	at org.springframework.web.servlet.DispatcherServlet.doService(DispatcherServlet.java:978) ~[spring-webmvc-6.2.3.jar:6.2.3]
	at org.springframework.web.servlet.FrameworkServlet.processRequest(FrameworkServlet.java:1014) ~[spring-webmvc-6.2.3.jar:6.2.3]
	at org.springframework.web.servlet.FrameworkServlet.doGet(FrameworkServlet.java:903) ~[spring-webmvc-6.2.3.jar:6.2.3]
	at jakarta.servlet.http.HttpServlet.service(HttpServlet.java:564) ~[tomcat-embed-core-10.1.36.jar:6.0]
	at org.springframework.web.servlet.FrameworkServlet.service(FrameworkServlet.java:885) ~[spring-webmvc-6.2.3.jar:6.2.3]
	at jakarta.servlet.http.HttpServlet.service(HttpServlet.java:658) ~[tomcat-embed-core-10.1.36.jar:6.0]
	at org.apache.catalina.core.ApplicationFilterChain.internalDoFilter(ApplicationFilterChain.java:195) ~[tomcat-embed-core-10.1.36.jar:10.1.36]
	at org.apache.catalina.core.ApplicationFilterChain.doFilter(ApplicationFilterChain.java:140) ~[tomcat-embed-core-10.1.36.jar:10.1.36]
	at org.apache.tomcat.websocket.server.WsFilter.doFilter(WsFilter.java:51) ~[tomcat-embed-websocket-10.1.36.jar:10.1.36]
	at org.apache.catalina.core.ApplicationFilterChain.internalDoFilter(ApplicationFilterChain.java:164) ~[tomcat-embed-core-10.1.36.jar:10.1.36]
	at org.apache.catalina.core.ApplicationFilterChain.doFilter(ApplicationFilterChain.java:140) ~[tomcat-embed-core-10.1.36.jar:10.1.36]
	at org.springframework.web.filter.RequestContextFilter.doFilterInternal(RequestContextFilter.java:100) ~[spring-web-6.2.3.jar:6.2.3]
	at org.springframework.web.filter.OncePerRequestFilter.doFilter(OncePerRequestFilter.java:116) ~[spring-web-6.2.3.jar:6.2.3]
	at org.apache.catalina.core.ApplicationFilterChain.internalDoFilter(ApplicationFilterChain.java:164) ~[tomcat-embed-core-10.1.36.jar:10.1.36]
	at org.apache.catalina.core.ApplicationFilterChain.doFilter(ApplicationFilterChain.java:140) ~[tomcat-embed-core-10.1.36.jar:10.1.36]
	at org.springframework.web.filter.FormContentFilter.doFilterInternal(FormContentFilter.java:93) ~[spring-web-6.2.3.jar:6.2.3]
	at org.springframework.web.filter.OncePerRequestFilter.doFilter(OncePerRequestFilter.java:116) ~[spring-web-6.2.3.jar:6.2.3]
	at org.apache.catalina.core.ApplicationFilterChain.internalDoFilter(ApplicationFilterChain.java:164) ~[tomcat-embed-core-10.1.36.jar:10.1.36]
	at org.apache.catalina.core.ApplicationFilterChain.doFilter(ApplicationFilterChain.java:140) ~[tomcat-embed-core-10.1.36.jar:10.1.36]
	at org.springframework.web.filter.CharacterEncodingFilter.doFilterInternal(CharacterEncodingFilter.java:201) ~[spring-web-6.2.3.jar:6.2.3]
	at org.springframework.web.filter.OncePerRequestFilter.doFilter(OncePerRequestFilter.java:116) ~[spring-web-6.2.3.jar:6.2.3]
	at org.apache.catalina.core.ApplicationFilterChain.internalDoFilter(ApplicationFilterChain.java:164) ~[tomcat-embed-core-10.1.36.jar:10.1.36]
	at org.apache.catalina.core.ApplicationFilterChain.doFilter(ApplicationFilterChain.java:140) ~[tomcat-embed-core-10.1.36.jar:10.1.36]
	at org.apache.catalina.core.StandardWrapperValve.invoke(StandardWrapperValve.java:167) ~[tomcat-embed-core-10.1.36.jar:10.1.36]
	at org.apache.catalina.core.StandardContextValve.invoke(StandardContextValve.java:90) ~[tomcat-embed-core-10.1.36.jar:10.1.36]
	at org.apache.catalina.authenticator.AuthenticatorBase.invoke(AuthenticatorBase.java:483) ~[tomcat-embed-core-10.1.36.jar:10.1.36]
	at org.apache.catalina.core.StandardHostValve.invoke(StandardHostValve.java:115) ~[tomcat-embed-core-10.1.36.jar:10.1.36]
	at org.apache.catalina.valves.ErrorReportValve.invoke(ErrorReportValve.java:93) ~[tomcat-embed-core-10.1.36.jar:10.1.36]
	at org.apache.catalina.core.StandardEngineValve.invoke(StandardEngineValve.java:74) ~[tomcat-embed-core-10.1.36.jar:10.1.36]
	at org.apache.catalina.connector.CoyoteAdapter.service(CoyoteAdapter.java:344) ~[tomcat-embed-core-10.1.36.jar:10.1.36]
	at org.apache.coyote.http11.Http11Processor.service(Http11Processor.java:397) ~[tomcat-embed-core-10.1.36.jar:10.1.36]
	at org.apache.coyote.AbstractProcessorLight.process(AbstractProcessorLight.java:63) ~[tomcat-embed-core-10.1.36.jar:10.1.36]
	at org.apache.coyote.AbstractProtocol$ConnectionHandler.process(AbstractProtocol.java:905) ~[tomcat-embed-core-10.1.36.jar:10.1.36]
	at org.apache.tomcat.util.net.NioEndpoint$SocketProcessor.doRun(NioEndpoint.java:1743) ~[tomcat-embed-core-10.1.36.jar:10.1.36]
	at org.apache.tomcat.util.net.SocketProcessorBase.run(SocketProcessorBase.java:52) ~[tomcat-embed-core-10.1.36.jar:10.1.36]
	at org.apache.tomcat.util.threads.ThreadPoolExecutor.runWorker(ThreadPoolExecutor.java:1190) ~[tomcat-embed-core-10.1.36.jar:10.1.36]
	at org.apache.tomcat.util.threads.ThreadPoolExecutor$Worker.run(ThreadPoolExecutor.java:659) ~[tomcat-embed-core-10.1.36.jar:10.1.36]
	at org.apache.tomcat.util.threads.TaskThread$WrappingRunnable.run(TaskThread.java:63) ~[tomcat-embed-core-10.1.36.jar:10.1.36]
	at java.base/java.lang.Thread.run(Thread.java:1583) ~[na:na]

2025-03-19T11:38:29.788+07:00 DEBUG 3557 --- [crud] [http-nio-8000-exec-1] o.s.web.servlet.DispatcherServlet        : "ERROR" dispatch for GET "/error", parameters={}
2025-03-19T11:38:29.790+07:00 DEBUG 3557 --- [crud] [http-nio-8000-exec-1] s.w.s.m.m.a.RequestMappingHandlerMapping : Mapped to org.springframework.boot.autoconfigure.web.servlet.error.BasicErrorController#errorHtml(HttpServletRequest, HttpServletResponse)
2025-03-19T11:38:29.801+07:00 DEBUG 3557 --- [crud] [http-nio-8000-exec-1] o.s.w.s.v.ContentNegotiatingViewResolver : Selected 'text/html' given [text/html, text/html;q=0.8]
2025-03-19T11:38:29.810+07:00 DEBUG 3557 --- [crud] [http-nio-8000-exec-1] o.s.web.servlet.DispatcherServlet        : Exiting from "ERROR" dispatch, status 500
2025-03-19T11:38:29.867+07:00 DEBUG 3557 --- [crud] [http-nio-8000-exec-2] o.s.web.servlet.DispatcherServlet        : GET "/favicon.ico", parameters={}
2025-03-19T11:38:29.878+07:00 DEBUG 3557 --- [crud] [http-nio-8000-exec-2] o.s.w.s.handler.SimpleUrlHandlerMapping  : Mapped to ResourceHttpRequestHandler [classpath [META-INF/resources/], classpath [resources/], classpath [static/], classpath [public/], ServletContext [/]]
2025-03-19T11:38:29.884+07:00 DEBUG 3557 --- [crud] [http-nio-8000-exec-2] o.s.w.s.r.ResourceHttpRequestHandler     : Resource not found
2025-03-19T11:38:29.893+07:00 DEBUG 3557 --- [crud] [http-nio-8000-exec-2] .w.s.m.s.DefaultHandlerExceptionResolver : Resolved [org.springframework.web.servlet.resource.NoResourceFoundException: No static resource favicon.ico.]
2025-03-19T11:38:29.895+07:00 DEBUG 3557 --- [crud] [http-nio-8000-exec-2] o.s.web.servlet.DispatcherServlet        : Completed 404 NOT_FOUND
2025-03-19T11:38:29.896+07:00 DEBUG 3557 --- [crud] [http-nio-8000-exec-2] o.s.web.servlet.DispatcherServlet        : "ERROR" dispatch for GET "/error", parameters={}
2025-03-19T11:38:29.897+07:00 DEBUG 3557 --- [crud] [http-nio-8000-exec-2] s.w.s.m.m.a.RequestMappingHandlerMapping : Mapped to org.springframework.boot.autoconfigure.web.servlet.error.BasicErrorController#error(HttpServletRequest)
2025-03-19T11:38:29.920+07:00 DEBUG 3557 --- [crud] [http-nio-8000-exec-2] o.s.w.s.m.m.a.HttpEntityMethodProcessor  : Using 'application/json;q=0.5', given [image/avif, image/webp, image/png, image/svg+xml, image/*;q=0.8, */*;q=0.5] and supported [application/json, application/*+json]
2025-03-19T11:38:29.926+07:00 DEBUG 3557 --- [crud] [http-nio-8000-exec-2] o.s.w.s.m.m.a.HttpEntityMethodProcessor  : Writing [{timestamp=Wed Mar 19 11:38:29 WIB 2025, status=404, error=Not Found, trace=org.springframework.web. (truncated)...]
2025-03-19T11:38:30.001+07:00 DEBUG 3557 --- [crud] [http-nio-8000-exec-2] o.s.web.servlet.DispatcherServlet        : Exiting from "ERROR" dispatch, status 404
2025-03-19T11:41:27.174+07:00  INFO 3557 --- [crud] [SpringApplicationShutdownHook] o.s.b.w.e.tomcat.GracefulShutdown        : Commencing graceful shutdown. Waiting for active requests to complete
2025-03-19T11:41:27.177+07:00  INFO 3557 --- [crud] [tomcat-shutdown] o.s.b.w.e.tomcat.GracefulShutdown        : Graceful shutdown complete
2025-03-19T11:41:27.183+07:00  INFO 3557 --- [crud] [SpringApplicationShutdownHook] j.LocalContainerEntityManagerFactoryBean : Closing JPA EntityManagerFactory for persistence unit 'default'
2025-03-19T11:41:27.189+07:00  INFO 3557 --- [crud] [SpringApplicationShutdownHook] com.zaxxer.hikari.HikariDataSource       : HikariPool-1 - Shutdown initiated...
2025-03-19T11:41:27.202+07:00  INFO 3557 --- [crud] [SpringApplicationShutdownHook] com.zaxxer.hikari.HikariDataSource       : HikariPool-1 - Shutdown completed.
2025-03-19T11:41:31.818+07:00  INFO 3660 --- [crud] [restartedMain] com.mvc.crud.CrudApplication             : Starting CrudApplication using Java 21.0.5 with PID 3660 (/home/tony/Documents/Spring Boot Course/Section 7 - MVC CRUD/target/classes started by tony in /home/tony/Documents/Spring Boot Course/Section 7 - MVC CRUD)
2025-03-19T11:41:31.823+07:00  INFO 3660 --- [crud] [restartedMain] com.mvc.crud.CrudApplication             : No active profile set, falling back to 1 default profile: "default"
2025-03-19T11:41:31.921+07:00  INFO 3660 --- [crud] [restartedMain] .e.DevToolsPropertyDefaultsPostProcessor : Devtools property defaults active! Set 'spring.devtools.add-properties' to 'false' to disable
2025-03-19T11:41:31.921+07:00  INFO 3660 --- [crud] [restartedMain] .e.DevToolsPropertyDefaultsPostProcessor : For additional web related logging consider setting the 'logging.level.web' property to 'DEBUG'
2025-03-19T11:41:32.964+07:00  INFO 3660 --- [crud] [restartedMain] .s.d.r.c.RepositoryConfigurationDelegate : Bootstrapping Spring Data JPA repositories in DEFAULT mode.
2025-03-19T11:41:32.999+07:00  INFO 3660 --- [crud] [restartedMain] .s.d.r.c.RepositoryConfigurationDelegate : Finished Spring Data repository scanning in 19 ms. Found 0 JPA repository interfaces.
2025-03-19T11:41:33.831+07:00  INFO 3660 --- [crud] [restartedMain] o.s.b.w.embedded.tomcat.TomcatWebServer  : Tomcat initialized with port 8000 (http)
2025-03-19T11:41:33.869+07:00  INFO 3660 --- [crud] [restartedMain] o.apache.catalina.core.StandardService   : Starting service [Tomcat]
2025-03-19T11:41:33.871+07:00  INFO 3660 --- [crud] [restartedMain] o.apache.catalina.core.StandardEngine    : Starting Servlet engine: [Apache Tomcat/10.1.36]
2025-03-19T11:41:33.959+07:00  INFO 3660 --- [crud] [restartedMain] o.a.c.c.C.[Tomcat].[localhost].[/]       : Initializing Spring embedded WebApplicationContext
2025-03-19T11:41:33.960+07:00  INFO 3660 --- [crud] [restartedMain] w.s.c.ServletWebServerApplicationContext : Root WebApplicationContext: initialization completed in 2036 ms
2025-03-19T11:41:34.235+07:00  INFO 3660 --- [crud] [restartedMain] com.zaxxer.hikari.HikariDataSource       : HikariPool-1 - Starting...
2025-03-19T11:41:34.726+07:00  INFO 3660 --- [crud] [restartedMain] com.zaxxer.hikari.pool.HikariPool        : HikariPool-1 - Added connection com.mysql.cj.jdbc.ConnectionImpl@5f4c2c71
2025-03-19T11:41:34.731+07:00  INFO 3660 --- [crud] [restartedMain] com.zaxxer.hikari.HikariDataSource       : HikariPool-1 - Start completed.
2025-03-19T11:41:35.558+07:00  INFO 3660 --- [crud] [restartedMain] o.s.o.j.p.SpringPersistenceUnitInfo      : No LoadTimeWeaver setup: ignoring JPA class transformer
2025-03-19T11:41:36.935+07:00  INFO 3660 --- [crud] [restartedMain] j.LocalContainerEntityManagerFactoryBean : Initialized JPA EntityManagerFactory for persistence unit 'default'
2025-03-19T11:41:37.106+07:00  WARN 3660 --- [crud] [restartedMain] JpaBaseConfiguration$JpaWebConfiguration : spring.jpa.open-in-view is enabled by default. Therefore, database queries may be performed during view rendering. Explicitly configure spring.jpa.open-in-view to disable this warning
2025-03-19T11:41:37.280+07:00 DEBUG 3660 --- [crud] [restartedMain] s.w.s.m.m.a.RequestMappingHandlerMapping : 7 mappings in 'requestMappingHandlerMapping'
2025-03-19T11:41:37.446+07:00 DEBUG 3660 --- [crud] [restartedMain] o.s.w.s.handler.SimpleUrlHandlerMapping  : Patterns [/webjars/**, /**] in 'resourceHandlerMapping'
2025-03-19T11:41:37.520+07:00 DEBUG 3660 --- [crud] [restartedMain] s.w.s.m.m.a.RequestMappingHandlerAdapter : ControllerAdvice beans: 0 @ModelAttribute, 0 @InitBinder, 1 RequestBodyAdvice, 1 ResponseBodyAdvice
2025-03-19T11:41:37.634+07:00 DEBUG 3660 --- [crud] [restartedMain] .m.m.a.ExceptionHandlerExceptionResolver : ControllerAdvice beans: 0 @ExceptionHandler, 1 ResponseBodyAdvice
2025-03-19T11:41:37.796+07:00  INFO 3660 --- [crud] [restartedMain] o.s.b.d.a.OptionalLiveReloadServer       : LiveReload server is running on port 35729
2025-03-19T11:41:37.830+07:00  INFO 3660 --- [crud] [restartedMain] o.s.b.w.embedded.tomcat.TomcatWebServer  : Tomcat started on port 8000 (http) with context path '/'
2025-03-19T11:41:37.843+07:00  INFO 3660 --- [crud] [restartedMain] com.mvc.crud.CrudApplication             : Started CrudApplication in 6.894 seconds (process running for 7.677)
2025-03-19T11:41:38.580+07:00  INFO 3660 --- [crud] [http-nio-8000-exec-1] o.a.c.c.C.[Tomcat].[localhost].[/]       : Initializing Spring DispatcherServlet 'dispatcherServlet'
2025-03-19T11:41:38.580+07:00  INFO 3660 --- [crud] [http-nio-8000-exec-1] o.s.web.servlet.DispatcherServlet        : Initializing Servlet 'dispatcherServlet'
2025-03-19T11:41:38.581+07:00 DEBUG 3660 --- [crud] [http-nio-8000-exec-1] o.s.web.servlet.DispatcherServlet        : Detected StandardServletMultipartResolver
2025-03-19T11:41:38.582+07:00 DEBUG 3660 --- [crud] [http-nio-8000-exec-1] o.s.web.servlet.DispatcherServlet        : Detected AcceptHeaderLocaleResolver
2025-03-19T11:41:38.582+07:00 DEBUG 3660 --- [crud] [http-nio-8000-exec-1] o.s.web.servlet.DispatcherServlet        : Detected FixedThemeResolver
2025-03-19T11:41:38.585+07:00 DEBUG 3660 --- [crud] [http-nio-8000-exec-1] o.s.web.servlet.DispatcherServlet        : Detected org.springframework.web.servlet.view.DefaultRequestToViewNameTranslator@4184c283
2025-03-19T11:41:38.586+07:00 DEBUG 3660 --- [crud] [http-nio-8000-exec-1] o.s.web.servlet.DispatcherServlet        : Detected org.springframework.web.servlet.support.SessionFlashMapManager@165039cb
2025-03-19T11:41:38.586+07:00 DEBUG 3660 --- [crud] [http-nio-8000-exec-1] o.s.web.servlet.DispatcherServlet        : enableLoggingRequestDetails='false': request parameters and headers will be masked to prevent unsafe logging of potentially sensitive data
2025-03-19T11:41:38.587+07:00  INFO 3660 --- [crud] [http-nio-8000-exec-1] o.s.web.servlet.DispatcherServlet        : Completed initialization in 6 ms
2025-03-19T11:41:38.602+07:00 DEBUG 3660 --- [crud] [http-nio-8000-exec-1] o.s.web.servlet.DispatcherServlet        : GET "/employed", parameters={}
2025-03-19T11:41:38.621+07:00 DEBUG 3660 --- [crud] [http-nio-8000-exec-1] s.w.s.m.m.a.RequestMappingHandlerMapping : Mapped to com.mvc.crud.controller.EmployedController#index(Model)
2025-03-19T11:41:39.101+07:00 DEBUG 3660 --- [crud] [http-nio-8000-exec-1] o.s.w.s.v.ContentNegotiatingViewResolver : Selected 'text/html' given [text/html, application/xhtml+xml, application/xml;q=0.9, */*;q=0.8]
2025-03-19T11:41:39.320+07:00 ERROR 3660 --- [crud] [http-nio-8000-exec-1] org.thymeleaf.TemplateEngine             : [THYMELEAF][http-nio-8000-exec-1] Exception processing template "employee-list": An error happened during template parsing (template: "class path resource [templates/employee-list.html]")

org.thymeleaf.exceptions.TemplateInputException: An error happened during template parsing (template: "class path resource [templates/employee-list.html]")
	at org.thymeleaf.templateparser.markup.AbstractMarkupTemplateParser.parse(AbstractMarkupTemplateParser.java:241) ~[thymeleaf-3.1.3.RELEASE.jar:3.1.3.RELEASE]
	at org.thymeleaf.templateparser.markup.AbstractMarkupTemplateParser.parseStandalone(AbstractMarkupTemplateParser.java:100) ~[thymeleaf-3.1.3.RELEASE.jar:3.1.3.RELEASE]
	at org.thymeleaf.engine.TemplateManager.parseAndProcess(TemplateManager.java:666) ~[thymeleaf-3.1.3.RELEASE.jar:3.1.3.RELEASE]
	at org.thymeleaf.TemplateEngine.process(TemplateEngine.java:1103) ~[thymeleaf-3.1.3.RELEASE.jar:3.1.3.RELEASE]
	at org.thymeleaf.TemplateEngine.process(TemplateEngine.java:1077) ~[thymeleaf-3.1.3.RELEASE.jar:3.1.3.RELEASE]
	at org.thymeleaf.spring6.view.ThymeleafView.renderFragment(ThymeleafView.java:372) ~[thymeleaf-spring6-3.1.3.RELEASE.jar:3.1.3.RELEASE]
	at org.thymeleaf.spring6.view.ThymeleafView.render(ThymeleafView.java:192) ~[thymeleaf-spring6-3.1.3.RELEASE.jar:3.1.3.RELEASE]
	at org.springframework.web.servlet.DispatcherServlet.render(DispatcherServlet.java:1435) ~[spring-webmvc-6.2.3.jar:6.2.3]
	at org.springframework.web.servlet.DispatcherServlet.processDispatchResult(DispatcherServlet.java:1167) ~[spring-webmvc-6.2.3.jar:6.2.3]
	at org.springframework.web.servlet.DispatcherServlet.doDispatch(DispatcherServlet.java:1105) ~[spring-webmvc-6.2.3.jar:6.2.3]
	at org.springframework.web.servlet.DispatcherServlet.doService(DispatcherServlet.java:978) ~[spring-webmvc-6.2.3.jar:6.2.3]
	at org.springframework.web.servlet.FrameworkServlet.processRequest(FrameworkServlet.java:1014) ~[spring-webmvc-6.2.3.jar:6.2.3]
	at org.springframework.web.servlet.FrameworkServlet.doGet(FrameworkServlet.java:903) ~[spring-webmvc-6.2.3.jar:6.2.3]
	at jakarta.servlet.http.HttpServlet.service(HttpServlet.java:564) ~[tomcat-embed-core-10.1.36.jar:6.0]
	at org.springframework.web.servlet.FrameworkServlet.service(FrameworkServlet.java:885) ~[spring-webmvc-6.2.3.jar:6.2.3]
	at jakarta.servlet.http.HttpServlet.service(HttpServlet.java:658) ~[tomcat-embed-core-10.1.36.jar:6.0]
	at org.apache.catalina.core.ApplicationFilterChain.internalDoFilter(ApplicationFilterChain.java:195) ~[tomcat-embed-core-10.1.36.jar:10.1.36]
	at org.apache.catalina.core.ApplicationFilterChain.doFilter(ApplicationFilterChain.java:140) ~[tomcat-embed-core-10.1.36.jar:10.1.36]
	at org.apache.tomcat.websocket.server.WsFilter.doFilter(WsFilter.java:51) ~[tomcat-embed-websocket-10.1.36.jar:10.1.36]
	at org.apache.catalina.core.ApplicationFilterChain.internalDoFilter(ApplicationFilterChain.java:164) ~[tomcat-embed-core-10.1.36.jar:10.1.36]
	at org.apache.catalina.core.ApplicationFilterChain.doFilter(ApplicationFilterChain.java:140) ~[tomcat-embed-core-10.1.36.jar:10.1.36]
	at org.springframework.web.filter.RequestContextFilter.doFilterInternal(RequestContextFilter.java:100) ~[spring-web-6.2.3.jar:6.2.3]
	at org.springframework.web.filter.OncePerRequestFilter.doFilter(OncePerRequestFilter.java:116) ~[spring-web-6.2.3.jar:6.2.3]
	at org.apache.catalina.core.ApplicationFilterChain.internalDoFilter(ApplicationFilterChain.java:164) ~[tomcat-embed-core-10.1.36.jar:10.1.36]
	at org.apache.catalina.core.ApplicationFilterChain.doFilter(ApplicationFilterChain.java:140) ~[tomcat-embed-core-10.1.36.jar:10.1.36]
	at org.springframework.web.filter.FormContentFilter.doFilterInternal(FormContentFilter.java:93) ~[spring-web-6.2.3.jar:6.2.3]
	at org.springframework.web.filter.OncePerRequestFilter.doFilter(OncePerRequestFilter.java:116) ~[spring-web-6.2.3.jar:6.2.3]
	at org.apache.catalina.core.ApplicationFilterChain.internalDoFilter(ApplicationFilterChain.java:164) ~[tomcat-embed-core-10.1.36.jar:10.1.36]
	at org.apache.catalina.core.ApplicationFilterChain.doFilter(ApplicationFilterChain.java:140) ~[tomcat-embed-core-10.1.36.jar:10.1.36]
	at org.springframework.web.filter.CharacterEncodingFilter.doFilterInternal(CharacterEncodingFilter.java:201) ~[spring-web-6.2.3.jar:6.2.3]
	at org.springframework.web.filter.OncePerRequestFilter.doFilter(OncePerRequestFilter.java:116) ~[spring-web-6.2.3.jar:6.2.3]
	at org.apache.catalina.core.ApplicationFilterChain.internalDoFilter(ApplicationFilterChain.java:164) ~[tomcat-embed-core-10.1.36.jar:10.1.36]
	at org.apache.catalina.core.ApplicationFilterChain.doFilter(ApplicationFilterChain.java:140) ~[tomcat-embed-core-10.1.36.jar:10.1.36]
	at org.apache.catalina.core.StandardWrapperValve.invoke(StandardWrapperValve.java:167) ~[tomcat-embed-core-10.1.36.jar:10.1.36]
	at org.apache.catalina.core.StandardContextValve.invoke(StandardContextValve.java:90) ~[tomcat-embed-core-10.1.36.jar:10.1.36]
	at org.apache.catalina.authenticator.AuthenticatorBase.invoke(AuthenticatorBase.java:483) ~[tomcat-embed-core-10.1.36.jar:10.1.36]
	at org.apache.catalina.core.StandardHostValve.invoke(StandardHostValve.java:115) ~[tomcat-embed-core-10.1.36.jar:10.1.36]
	at org.apache.catalina.valves.ErrorReportValve.invoke(ErrorReportValve.java:93) ~[tomcat-embed-core-10.1.36.jar:10.1.36]
	at org.apache.catalina.core.StandardEngineValve.invoke(StandardEngineValve.java:74) ~[tomcat-embed-core-10.1.36.jar:10.1.36]
	at org.apache.catalina.connector.CoyoteAdapter.service(CoyoteAdapter.java:344) ~[tomcat-embed-core-10.1.36.jar:10.1.36]
	at org.apache.coyote.http11.Http11Processor.service(Http11Processor.java:397) ~[tomcat-embed-core-10.1.36.jar:10.1.36]
	at org.apache.coyote.AbstractProcessorLight.process(AbstractProcessorLight.java:63) ~[tomcat-embed-core-10.1.36.jar:10.1.36]
	at org.apache.coyote.AbstractProtocol$ConnectionHandler.process(AbstractProtocol.java:905) ~[tomcat-embed-core-10.1.36.jar:10.1.36]
	at org.apache.tomcat.util.net.NioEndpoint$SocketProcessor.doRun(NioEndpoint.java:1743) ~[tomcat-embed-core-10.1.36.jar:10.1.36]
	at org.apache.tomcat.util.net.SocketProcessorBase.run(SocketProcessorBase.java:52) ~[tomcat-embed-core-10.1.36.jar:10.1.36]
	at org.apache.tomcat.util.threads.ThreadPoolExecutor.runWorker(ThreadPoolExecutor.java:1190) ~[tomcat-embed-core-10.1.36.jar:10.1.36]
	at org.apache.tomcat.util.threads.ThreadPoolExecutor$Worker.run(ThreadPoolExecutor.java:659) ~[tomcat-embed-core-10.1.36.jar:10.1.36]
	at org.apache.tomcat.util.threads.TaskThread$WrappingRunnable.run(TaskThread.java:63) ~[tomcat-embed-core-10.1.36.jar:10.1.36]
	at java.base/java.lang.Thread.run(Thread.java:1583) ~[na:na]
Caused by: org.attoparser.ParseException: Could not parse as each: "employee : ${employees}}" (template: "employee-list" - line 23, col 9)
	at org.attoparser.MarkupParser.parseDocument(MarkupParser.java:393) ~[attoparser-2.0.7.RELEASE.jar:2.0.7.RELEASE]
	at org.attoparser.MarkupParser.parse(MarkupParser.java:257) ~[attoparser-2.0.7.RELEASE.jar:2.0.7.RELEASE]
	at org.thymeleaf.templateparser.markup.AbstractMarkupTemplateParser.parse(AbstractMarkupTemplateParser.java:230) ~[thymeleaf-3.1.3.RELEASE.jar:3.1.3.RELEASE]
	... 48 common frames omitted
Caused by: org.thymeleaf.exceptions.TemplateProcessingException: Could not parse as each: "employee : ${employees}}" (template: "employee-list" - line 23, col 9)
	at org.thymeleaf.standard.expression.EachUtils.parseEach(EachUtils.java:68) ~[thymeleaf-3.1.3.RELEASE.jar:3.1.3.RELEASE]
	at org.thymeleaf.standard.processor.StandardEachTagProcessor.doProcess(StandardEachTagProcessor.java:59) ~[thymeleaf-3.1.3.RELEASE.jar:3.1.3.RELEASE]
	at org.thymeleaf.processor.element.AbstractAttributeTagProcessor.doProcess(AbstractAttributeTagProcessor.java:74) ~[thymeleaf-3.1.3.RELEASE.jar:3.1.3.RELEASE]
	at org.thymeleaf.processor.element.AbstractElementTagProcessor.process(AbstractElementTagProcessor.java:95) ~[thymeleaf-3.1.3.RELEASE.jar:3.1.3.RELEASE]
	at org.thymeleaf.util.ProcessorConfigurationUtils$ElementTagProcessorWrapper.process(ProcessorConfigurationUtils.java:633) ~[thymeleaf-3.1.3.RELEASE.jar:3.1.3.RELEASE]
	at org.thymeleaf.engine.ProcessorTemplateHandler.handleOpenElement(ProcessorTemplateHandler.java:1314) ~[thymeleaf-3.1.3.RELEASE.jar:3.1.3.RELEASE]
	at org.thymeleaf.engine.TemplateHandlerAdapterMarkupHandler.handleOpenElementEnd(TemplateHandlerAdapterMarkupHandler.java:304) ~[thymeleaf-3.1.3.RELEASE.jar:3.1.3.RELEASE]
	at org.thymeleaf.templateparser.markup.InlinedOutputExpressionMarkupHandler$InlineMarkupAdapterPreProcessorHandler.handleOpenElementEnd(InlinedOutputExpressionMarkupHandler.java:278) ~[thymeleaf-3.1.3.RELEASE.jar:3.1.3.RELEASE]
	at org.thymeleaf.standard.inline.OutputExpressionInlinePreProcessorHandler.handleOpenElementEnd(OutputExpressionInlinePreProcessorHandler.java:186) ~[thymeleaf-3.1.3.RELEASE.jar:3.1.3.RELEASE]
	at org.thymeleaf.templateparser.markup.InlinedOutputExpressionMarkupHandler.handleOpenElementEnd(InlinedOutputExpressionMarkupHandler.java:124) ~[thymeleaf-3.1.3.RELEASE.jar:3.1.3.RELEASE]
	at org.attoparser.HtmlElement.handleOpenElementEnd(HtmlElement.java:109) ~[attoparser-2.0.7.RELEASE.jar:2.0.7.RELEASE]
	at org.attoparser.HtmlMarkupHandler.handleOpenElementEnd(HtmlMarkupHandler.java:297) ~[attoparser-2.0.7.RELEASE.jar:2.0.7.RELEASE]
	at org.attoparser.MarkupEventProcessorHandler.handleOpenElementEnd(MarkupEventProcessorHandler.java:402) ~[attoparser-2.0.7.RELEASE.jar:2.0.7.RELEASE]
	at org.attoparser.ParsingElementMarkupUtil.parseOpenElement(ParsingElementMarkupUtil.java:159) ~[attoparser-2.0.7.RELEASE.jar:2.0.7.RELEASE]
	at org.attoparser.MarkupParser.parseBuffer(MarkupParser.java:710) ~[attoparser-2.0.7.RELEASE.jar:2.0.7.RELEASE]
	at org.attoparser.MarkupParser.parseDocument(MarkupParser.java:301) ~[attoparser-2.0.7.RELEASE.jar:2.0.7.RELEASE]
	... 50 common frames omitted

2025-03-19T11:41:39.327+07:00 DEBUG 3660 --- [crud] [http-nio-8000-exec-1] o.s.web.servlet.DispatcherServlet        : Error rendering view [org.thymeleaf.spring6.view.ThymeleafView@2444f263]

org.thymeleaf.exceptions.TemplateInputException: An error happened during template parsing (template: "class path resource [templates/employee-list.html]")
	at org.thymeleaf.templateparser.markup.AbstractMarkupTemplateParser.parse(AbstractMarkupTemplateParser.java:241) ~[thymeleaf-3.1.3.RELEASE.jar:3.1.3.RELEASE]
	at org.thymeleaf.templateparser.markup.AbstractMarkupTemplateParser.parseStandalone(AbstractMarkupTemplateParser.java:100) ~[thymeleaf-3.1.3.RELEASE.jar:3.1.3.RELEASE]
	at org.thymeleaf.engine.TemplateManager.parseAndProcess(TemplateManager.java:666) ~[thymeleaf-3.1.3.RELEASE.jar:3.1.3.RELEASE]
	at org.thymeleaf.TemplateEngine.process(TemplateEngine.java:1103) ~[thymeleaf-3.1.3.RELEASE.jar:3.1.3.RELEASE]
	at org.thymeleaf.TemplateEngine.process(TemplateEngine.java:1077) ~[thymeleaf-3.1.3.RELEASE.jar:3.1.3.RELEASE]
	at org.thymeleaf.spring6.view.ThymeleafView.renderFragment(ThymeleafView.java:372) ~[thymeleaf-spring6-3.1.3.RELEASE.jar:3.1.3.RELEASE]
	at org.thymeleaf.spring6.view.ThymeleafView.render(ThymeleafView.java:192) ~[thymeleaf-spring6-3.1.3.RELEASE.jar:3.1.3.RELEASE]
	at org.springframework.web.servlet.DispatcherServlet.render(DispatcherServlet.java:1435) ~[spring-webmvc-6.2.3.jar:6.2.3]
	at org.springframework.web.servlet.DispatcherServlet.processDispatchResult(DispatcherServlet.java:1167) ~[spring-webmvc-6.2.3.jar:6.2.3]
	at org.springframework.web.servlet.DispatcherServlet.doDispatch(DispatcherServlet.java:1105) ~[spring-webmvc-6.2.3.jar:6.2.3]
	at org.springframework.web.servlet.DispatcherServlet.doService(DispatcherServlet.java:978) ~[spring-webmvc-6.2.3.jar:6.2.3]
	at org.springframework.web.servlet.FrameworkServlet.processRequest(FrameworkServlet.java:1014) ~[spring-webmvc-6.2.3.jar:6.2.3]
	at org.springframework.web.servlet.FrameworkServlet.doGet(FrameworkServlet.java:903) ~[spring-webmvc-6.2.3.jar:6.2.3]
	at jakarta.servlet.http.HttpServlet.service(HttpServlet.java:564) ~[tomcat-embed-core-10.1.36.jar:6.0]
	at org.springframework.web.servlet.FrameworkServlet.service(FrameworkServlet.java:885) ~[spring-webmvc-6.2.3.jar:6.2.3]
	at jakarta.servlet.http.HttpServlet.service(HttpServlet.java:658) ~[tomcat-embed-core-10.1.36.jar:6.0]
	at org.apache.catalina.core.ApplicationFilterChain.internalDoFilter(ApplicationFilterChain.java:195) ~[tomcat-embed-core-10.1.36.jar:10.1.36]
	at org.apache.catalina.core.ApplicationFilterChain.doFilter(ApplicationFilterChain.java:140) ~[tomcat-embed-core-10.1.36.jar:10.1.36]
	at org.apache.tomcat.websocket.server.WsFilter.doFilter(WsFilter.java:51) ~[tomcat-embed-websocket-10.1.36.jar:10.1.36]
	at org.apache.catalina.core.ApplicationFilterChain.internalDoFilter(ApplicationFilterChain.java:164) ~[tomcat-embed-core-10.1.36.jar:10.1.36]
	at org.apache.catalina.core.ApplicationFilterChain.doFilter(ApplicationFilterChain.java:140) ~[tomcat-embed-core-10.1.36.jar:10.1.36]
	at org.springframework.web.filter.RequestContextFilter.doFilterInternal(RequestContextFilter.java:100) ~[spring-web-6.2.3.jar:6.2.3]
	at org.springframework.web.filter.OncePerRequestFilter.doFilter(OncePerRequestFilter.java:116) ~[spring-web-6.2.3.jar:6.2.3]
	at org.apache.catalina.core.ApplicationFilterChain.internalDoFilter(ApplicationFilterChain.java:164) ~[tomcat-embed-core-10.1.36.jar:10.1.36]
	at org.apache.catalina.core.ApplicationFilterChain.doFilter(ApplicationFilterChain.java:140) ~[tomcat-embed-core-10.1.36.jar:10.1.36]
	at org.springframework.web.filter.FormContentFilter.doFilterInternal(FormContentFilter.java:93) ~[spring-web-6.2.3.jar:6.2.3]
	at org.springframework.web.filter.OncePerRequestFilter.doFilter(OncePerRequestFilter.java:116) ~[spring-web-6.2.3.jar:6.2.3]
	at org.apache.catalina.core.ApplicationFilterChain.internalDoFilter(ApplicationFilterChain.java:164) ~[tomcat-embed-core-10.1.36.jar:10.1.36]
	at org.apache.catalina.core.ApplicationFilterChain.doFilter(ApplicationFilterChain.java:140) ~[tomcat-embed-core-10.1.36.jar:10.1.36]
	at org.springframework.web.filter.CharacterEncodingFilter.doFilterInternal(CharacterEncodingFilter.java:201) ~[spring-web-6.2.3.jar:6.2.3]
	at org.springframework.web.filter.OncePerRequestFilter.doFilter(OncePerRequestFilter.java:116) ~[spring-web-6.2.3.jar:6.2.3]
	at org.apache.catalina.core.ApplicationFilterChain.internalDoFilter(ApplicationFilterChain.java:164) ~[tomcat-embed-core-10.1.36.jar:10.1.36]
	at org.apache.catalina.core.ApplicationFilterChain.doFilter(ApplicationFilterChain.java:140) ~[tomcat-embed-core-10.1.36.jar:10.1.36]
	at org.apache.catalina.core.StandardWrapperValve.invoke(StandardWrapperValve.java:167) ~[tomcat-embed-core-10.1.36.jar:10.1.36]
	at org.apache.catalina.core.StandardContextValve.invoke(StandardContextValve.java:90) ~[tomcat-embed-core-10.1.36.jar:10.1.36]
	at org.apache.catalina.authenticator.AuthenticatorBase.invoke(AuthenticatorBase.java:483) ~[tomcat-embed-core-10.1.36.jar:10.1.36]
	at org.apache.catalina.core.StandardHostValve.invoke(StandardHostValve.java:115) ~[tomcat-embed-core-10.1.36.jar:10.1.36]
	at org.apache.catalina.valves.ErrorReportValve.invoke(ErrorReportValve.java:93) ~[tomcat-embed-core-10.1.36.jar:10.1.36]
	at org.apache.catalina.core.StandardEngineValve.invoke(StandardEngineValve.java:74) ~[tomcat-embed-core-10.1.36.jar:10.1.36]
	at org.apache.catalina.connector.CoyoteAdapter.service(CoyoteAdapter.java:344) ~[tomcat-embed-core-10.1.36.jar:10.1.36]
	at org.apache.coyote.http11.Http11Processor.service(Http11Processor.java:397) ~[tomcat-embed-core-10.1.36.jar:10.1.36]
	at org.apache.coyote.AbstractProcessorLight.process(AbstractProcessorLight.java:63) ~[tomcat-embed-core-10.1.36.jar:10.1.36]
	at org.apache.coyote.AbstractProtocol$ConnectionHandler.process(AbstractProtocol.java:905) ~[tomcat-embed-core-10.1.36.jar:10.1.36]
	at org.apache.tomcat.util.net.NioEndpoint$SocketProcessor.doRun(NioEndpoint.java:1743) ~[tomcat-embed-core-10.1.36.jar:10.1.36]
	at org.apache.tomcat.util.net.SocketProcessorBase.run(SocketProcessorBase.java:52) ~[tomcat-embed-core-10.1.36.jar:10.1.36]
	at org.apache.tomcat.util.threads.ThreadPoolExecutor.runWorker(ThreadPoolExecutor.java:1190) ~[tomcat-embed-core-10.1.36.jar:10.1.36]
	at org.apache.tomcat.util.threads.ThreadPoolExecutor$Worker.run(ThreadPoolExecutor.java:659) ~[tomcat-embed-core-10.1.36.jar:10.1.36]
	at org.apache.tomcat.util.threads.TaskThread$WrappingRunnable.run(TaskThread.java:63) ~[tomcat-embed-core-10.1.36.jar:10.1.36]
	at java.base/java.lang.Thread.run(Thread.java:1583) ~[na:na]
Caused by: org.attoparser.ParseException: Could not parse as each: "employee : ${employees}}" (template: "employee-list" - line 23, col 9)
	at org.attoparser.MarkupParser.parseDocument(MarkupParser.java:393) ~[attoparser-2.0.7.RELEASE.jar:2.0.7.RELEASE]
	at org.attoparser.MarkupParser.parse(MarkupParser.java:257) ~[attoparser-2.0.7.RELEASE.jar:2.0.7.RELEASE]
	at org.thymeleaf.templateparser.markup.AbstractMarkupTemplateParser.parse(AbstractMarkupTemplateParser.java:230) ~[thymeleaf-3.1.3.RELEASE.jar:3.1.3.RELEASE]
	... 48 common frames omitted
Caused by: org.thymeleaf.exceptions.TemplateProcessingException: Could not parse as each: "employee : ${employees}}" (template: "employee-list" - line 23, col 9)
	at org.thymeleaf.standard.expression.EachUtils.parseEach(EachUtils.java:68) ~[thymeleaf-3.1.3.RELEASE.jar:3.1.3.RELEASE]
	at org.thymeleaf.standard.processor.StandardEachTagProcessor.doProcess(StandardEachTagProcessor.java:59) ~[thymeleaf-3.1.3.RELEASE.jar:3.1.3.RELEASE]
	at org.thymeleaf.processor.element.AbstractAttributeTagProcessor.doProcess(AbstractAttributeTagProcessor.java:74) ~[thymeleaf-3.1.3.RELEASE.jar:3.1.3.RELEASE]
	at org.thymeleaf.processor.element.AbstractElementTagProcessor.process(AbstractElementTagProcessor.java:95) ~[thymeleaf-3.1.3.RELEASE.jar:3.1.3.RELEASE]
	at org.thymeleaf.util.ProcessorConfigurationUtils$ElementTagProcessorWrapper.process(ProcessorConfigurationUtils.java:633) ~[thymeleaf-3.1.3.RELEASE.jar:3.1.3.RELEASE]
	at org.thymeleaf.engine.ProcessorTemplateHandler.handleOpenElement(ProcessorTemplateHandler.java:1314) ~[thymeleaf-3.1.3.RELEASE.jar:3.1.3.RELEASE]
	at org.thymeleaf.engine.TemplateHandlerAdapterMarkupHandler.handleOpenElementEnd(TemplateHandlerAdapterMarkupHandler.java:304) ~[thymeleaf-3.1.3.RELEASE.jar:3.1.3.RELEASE]
	at org.thymeleaf.templateparser.markup.InlinedOutputExpressionMarkupHandler$InlineMarkupAdapterPreProcessorHandler.handleOpenElementEnd(InlinedOutputExpressionMarkupHandler.java:278) ~[thymeleaf-3.1.3.RELEASE.jar:3.1.3.RELEASE]
	at org.thymeleaf.standard.inline.OutputExpressionInlinePreProcessorHandler.handleOpenElementEnd(OutputExpressionInlinePreProcessorHandler.java:186) ~[thymeleaf-3.1.3.RELEASE.jar:3.1.3.RELEASE]
	at org.thymeleaf.templateparser.markup.InlinedOutputExpressionMarkupHandler.handleOpenElementEnd(InlinedOutputExpressionMarkupHandler.java:124) ~[thymeleaf-3.1.3.RELEASE.jar:3.1.3.RELEASE]
	at org.attoparser.HtmlElement.handleOpenElementEnd(HtmlElement.java:109) ~[attoparser-2.0.7.RELEASE.jar:2.0.7.RELEASE]
	at org.attoparser.HtmlMarkupHandler.handleOpenElementEnd(HtmlMarkupHandler.java:297) ~[attoparser-2.0.7.RELEASE.jar:2.0.7.RELEASE]
	at org.attoparser.MarkupEventProcessorHandler.handleOpenElementEnd(MarkupEventProcessorHandler.java:402) ~[attoparser-2.0.7.RELEASE.jar:2.0.7.RELEASE]
	at org.attoparser.ParsingElementMarkupUtil.parseOpenElement(ParsingElementMarkupUtil.java:159) ~[attoparser-2.0.7.RELEASE.jar:2.0.7.RELEASE]
	at org.attoparser.MarkupParser.parseBuffer(MarkupParser.java:710) ~[attoparser-2.0.7.RELEASE.jar:2.0.7.RELEASE]
	at org.attoparser.MarkupParser.parseDocument(MarkupParser.java:301) ~[attoparser-2.0.7.RELEASE.jar:2.0.7.RELEASE]
	... 50 common frames omitted

2025-03-19T11:41:39.331+07:00 DEBUG 3660 --- [crud] [http-nio-8000-exec-1] o.s.web.servlet.DispatcherServlet        : Failed to complete request: org.thymeleaf.exceptions.TemplateInputException: An error happened during template parsing (template: "class path resource [templates/employee-list.html]")
2025-03-19T11:41:39.332+07:00 ERROR 3660 --- [crud] [http-nio-8000-exec-1] o.a.c.c.C.[.[.[/].[dispatcherServlet]    : Servlet.service() for servlet [dispatcherServlet] in context with path [] threw exception [Request processing failed: org.thymeleaf.exceptions.TemplateInputException: An error happened during template parsing (template: "class path resource [templates/employee-list.html]")] with root cause

org.thymeleaf.exceptions.TemplateProcessingException: Could not parse as each: "employee : ${employees}}" (template: "employee-list" - line 23, col 9)
	at org.thymeleaf.standard.expression.EachUtils.parseEach(EachUtils.java:68) ~[thymeleaf-3.1.3.RELEASE.jar:3.1.3.RELEASE]
	at org.thymeleaf.standard.processor.StandardEachTagProcessor.doProcess(StandardEachTagProcessor.java:59) ~[thymeleaf-3.1.3.RELEASE.jar:3.1.3.RELEASE]
	at org.thymeleaf.processor.element.AbstractAttributeTagProcessor.doProcess(AbstractAttributeTagProcessor.java:74) ~[thymeleaf-3.1.3.RELEASE.jar:3.1.3.RELEASE]
	at org.thymeleaf.processor.element.AbstractElementTagProcessor.process(AbstractElementTagProcessor.java:95) ~[thymeleaf-3.1.3.RELEASE.jar:3.1.3.RELEASE]
	at org.thymeleaf.util.ProcessorConfigurationUtils$ElementTagProcessorWrapper.process(ProcessorConfigurationUtils.java:633) ~[thymeleaf-3.1.3.RELEASE.jar:3.1.3.RELEASE]
	at org.thymeleaf.engine.ProcessorTemplateHandler.handleOpenElement(ProcessorTemplateHandler.java:1314) ~[thymeleaf-3.1.3.RELEASE.jar:3.1.3.RELEASE]
	at org.thymeleaf.engine.TemplateHandlerAdapterMarkupHandler.handleOpenElementEnd(TemplateHandlerAdapterMarkupHandler.java:304) ~[thymeleaf-3.1.3.RELEASE.jar:3.1.3.RELEASE]
	at org.thymeleaf.templateparser.markup.InlinedOutputExpressionMarkupHandler$InlineMarkupAdapterPreProcessorHandler.handleOpenElementEnd(InlinedOutputExpressionMarkupHandler.java:278) ~[thymeleaf-3.1.3.RELEASE.jar:3.1.3.RELEASE]
	at org.thymeleaf.standard.inline.OutputExpressionInlinePreProcessorHandler.handleOpenElementEnd(OutputExpressionInlinePreProcessorHandler.java:186) ~[thymeleaf-3.1.3.RELEASE.jar:3.1.3.RELEASE]
	at org.thymeleaf.templateparser.markup.InlinedOutputExpressionMarkupHandler.handleOpenElementEnd(InlinedOutputExpressionMarkupHandler.java:124) ~[thymeleaf-3.1.3.RELEASE.jar:3.1.3.RELEASE]
	at org.attoparser.HtmlElement.handleOpenElementEnd(HtmlElement.java:109) ~[attoparser-2.0.7.RELEASE.jar:2.0.7.RELEASE]
	at org.attoparser.HtmlMarkupHandler.handleOpenElementEnd(HtmlMarkupHandler.java:297) ~[attoparser-2.0.7.RELEASE.jar:2.0.7.RELEASE]
	at org.attoparser.MarkupEventProcessorHandler.handleOpenElementEnd(MarkupEventProcessorHandler.java:402) ~[attoparser-2.0.7.RELEASE.jar:2.0.7.RELEASE]
	at org.attoparser.ParsingElementMarkupUtil.parseOpenElement(ParsingElementMarkupUtil.java:159) ~[attoparser-2.0.7.RELEASE.jar:2.0.7.RELEASE]
	at org.attoparser.MarkupParser.parseBuffer(MarkupParser.java:710) ~[attoparser-2.0.7.RELEASE.jar:2.0.7.RELEASE]
	at org.attoparser.MarkupParser.parseDocument(MarkupParser.java:301) ~[attoparser-2.0.7.RELEASE.jar:2.0.7.RELEASE]
	at org.attoparser.MarkupParser.parse(MarkupParser.java:257) ~[attoparser-2.0.7.RELEASE.jar:2.0.7.RELEASE]
	at org.thymeleaf.templateparser.markup.AbstractMarkupTemplateParser.parse(AbstractMarkupTemplateParser.java:230) ~[thymeleaf-3.1.3.RELEASE.jar:3.1.3.RELEASE]
	at org.thymeleaf.templateparser.markup.AbstractMarkupTemplateParser.parseStandalone(AbstractMarkupTemplateParser.java:100) ~[thymeleaf-3.1.3.RELEASE.jar:3.1.3.RELEASE]
	at org.thymeleaf.engine.TemplateManager.parseAndProcess(TemplateManager.java:666) ~[thymeleaf-3.1.3.RELEASE.jar:3.1.3.RELEASE]
	at org.thymeleaf.TemplateEngine.process(TemplateEngine.java:1103) ~[thymeleaf-3.1.3.RELEASE.jar:3.1.3.RELEASE]
	at org.thymeleaf.TemplateEngine.process(TemplateEngine.java:1077) ~[thymeleaf-3.1.3.RELEASE.jar:3.1.3.RELEASE]
	at org.thymeleaf.spring6.view.ThymeleafView.renderFragment(ThymeleafView.java:372) ~[thymeleaf-spring6-3.1.3.RELEASE.jar:3.1.3.RELEASE]
	at org.thymeleaf.spring6.view.ThymeleafView.render(ThymeleafView.java:192) ~[thymeleaf-spring6-3.1.3.RELEASE.jar:3.1.3.RELEASE]
	at org.springframework.web.servlet.DispatcherServlet.render(DispatcherServlet.java:1435) ~[spring-webmvc-6.2.3.jar:6.2.3]
	at org.springframework.web.servlet.DispatcherServlet.processDispatchResult(DispatcherServlet.java:1167) ~[spring-webmvc-6.2.3.jar:6.2.3]
	at org.springframework.web.servlet.DispatcherServlet.doDispatch(DispatcherServlet.java:1105) ~[spring-webmvc-6.2.3.jar:6.2.3]
	at org.springframework.web.servlet.DispatcherServlet.doService(DispatcherServlet.java:978) ~[spring-webmvc-6.2.3.jar:6.2.3]
	at org.springframework.web.servlet.FrameworkServlet.processRequest(FrameworkServlet.java:1014) ~[spring-webmvc-6.2.3.jar:6.2.3]
	at org.springframework.web.servlet.FrameworkServlet.doGet(FrameworkServlet.java:903) ~[spring-webmvc-6.2.3.jar:6.2.3]
	at jakarta.servlet.http.HttpServlet.service(HttpServlet.java:564) ~[tomcat-embed-core-10.1.36.jar:6.0]
	at org.springframework.web.servlet.FrameworkServlet.service(FrameworkServlet.java:885) ~[spring-webmvc-6.2.3.jar:6.2.3]
	at jakarta.servlet.http.HttpServlet.service(HttpServlet.java:658) ~[tomcat-embed-core-10.1.36.jar:6.0]
	at org.apache.catalina.core.ApplicationFilterChain.internalDoFilter(ApplicationFilterChain.java:195) ~[tomcat-embed-core-10.1.36.jar:10.1.36]
	at org.apache.catalina.core.ApplicationFilterChain.doFilter(ApplicationFilterChain.java:140) ~[tomcat-embed-core-10.1.36.jar:10.1.36]
	at org.apache.tomcat.websocket.server.WsFilter.doFilter(WsFilter.java:51) ~[tomcat-embed-websocket-10.1.36.jar:10.1.36]
	at org.apache.catalina.core.ApplicationFilterChain.internalDoFilter(ApplicationFilterChain.java:164) ~[tomcat-embed-core-10.1.36.jar:10.1.36]
	at org.apache.catalina.core.ApplicationFilterChain.doFilter(ApplicationFilterChain.java:140) ~[tomcat-embed-core-10.1.36.jar:10.1.36]
	at org.springframework.web.filter.RequestContextFilter.doFilterInternal(RequestContextFilter.java:100) ~[spring-web-6.2.3.jar:6.2.3]
	at org.springframework.web.filter.OncePerRequestFilter.doFilter(OncePerRequestFilter.java:116) ~[spring-web-6.2.3.jar:6.2.3]
	at org.apache.catalina.core.ApplicationFilterChain.internalDoFilter(ApplicationFilterChain.java:164) ~[tomcat-embed-core-10.1.36.jar:10.1.36]
	at org.apache.catalina.core.ApplicationFilterChain.doFilter(ApplicationFilterChain.java:140) ~[tomcat-embed-core-10.1.36.jar:10.1.36]
	at org.springframework.web.filter.FormContentFilter.doFilterInternal(FormContentFilter.java:93) ~[spring-web-6.2.3.jar:6.2.3]
	at org.springframework.web.filter.OncePerRequestFilter.doFilter(OncePerRequestFilter.java:116) ~[spring-web-6.2.3.jar:6.2.3]
	at org.apache.catalina.core.ApplicationFilterChain.internalDoFilter(ApplicationFilterChain.java:164) ~[tomcat-embed-core-10.1.36.jar:10.1.36]
	at org.apache.catalina.core.ApplicationFilterChain.doFilter(ApplicationFilterChain.java:140) ~[tomcat-embed-core-10.1.36.jar:10.1.36]
	at org.springframework.web.filter.CharacterEncodingFilter.doFilterInternal(CharacterEncodingFilter.java:201) ~[spring-web-6.2.3.jar:6.2.3]
	at org.springframework.web.filter.OncePerRequestFilter.doFilter(OncePerRequestFilter.java:116) ~[spring-web-6.2.3.jar:6.2.3]
	at org.apache.catalina.core.ApplicationFilterChain.internalDoFilter(ApplicationFilterChain.java:164) ~[tomcat-embed-core-10.1.36.jar:10.1.36]
	at org.apache.catalina.core.ApplicationFilterChain.doFilter(ApplicationFilterChain.java:140) ~[tomcat-embed-core-10.1.36.jar:10.1.36]
	at org.apache.catalina.core.StandardWrapperValve.invoke(StandardWrapperValve.java:167) ~[tomcat-embed-core-10.1.36.jar:10.1.36]
	at org.apache.catalina.core.StandardContextValve.invoke(StandardContextValve.java:90) ~[tomcat-embed-core-10.1.36.jar:10.1.36]
	at org.apache.catalina.authenticator.AuthenticatorBase.invoke(AuthenticatorBase.java:483) ~[tomcat-embed-core-10.1.36.jar:10.1.36]
	at org.apache.catalina.core.StandardHostValve.invoke(StandardHostValve.java:115) ~[tomcat-embed-core-10.1.36.jar:10.1.36]
	at org.apache.catalina.valves.ErrorReportValve.invoke(ErrorReportValve.java:93) ~[tomcat-embed-core-10.1.36.jar:10.1.36]
	at org.apache.catalina.core.StandardEngineValve.invoke(StandardEngineValve.java:74) ~[tomcat-embed-core-10.1.36.jar:10.1.36]
	at org.apache.catalina.connector.CoyoteAdapter.service(CoyoteAdapter.java:344) ~[tomcat-embed-core-10.1.36.jar:10.1.36]
	at org.apache.coyote.http11.Http11Processor.service(Http11Processor.java:397) ~[tomcat-embed-core-10.1.36.jar:10.1.36]
	at org.apache.coyote.AbstractProcessorLight.process(AbstractProcessorLight.java:63) ~[tomcat-embed-core-10.1.36.jar:10.1.36]
	at org.apache.coyote.AbstractProtocol$ConnectionHandler.process(AbstractProtocol.java:905) ~[tomcat-embed-core-10.1.36.jar:10.1.36]
	at org.apache.tomcat.util.net.NioEndpoint$SocketProcessor.doRun(NioEndpoint.java:1743) ~[tomcat-embed-core-10.1.36.jar:10.1.36]
	at org.apache.tomcat.util.net.SocketProcessorBase.run(SocketProcessorBase.java:52) ~[tomcat-embed-core-10.1.36.jar:10.1.36]
	at org.apache.tomcat.util.threads.ThreadPoolExecutor.runWorker(ThreadPoolExecutor.java:1190) ~[tomcat-embed-core-10.1.36.jar:10.1.36]
	at org.apache.tomcat.util.threads.ThreadPoolExecutor$Worker.run(ThreadPoolExecutor.java:659) ~[tomcat-embed-core-10.1.36.jar:10.1.36]
	at org.apache.tomcat.util.threads.TaskThread$WrappingRunnable.run(TaskThread.java:63) ~[tomcat-embed-core-10.1.36.jar:10.1.36]
	at java.base/java.lang.Thread.run(Thread.java:1583) ~[na:na]

2025-03-19T11:41:39.339+07:00 DEBUG 3660 --- [crud] [http-nio-8000-exec-1] o.s.web.servlet.DispatcherServlet        : "ERROR" dispatch for GET "/error", parameters={}
2025-03-19T11:41:39.341+07:00 DEBUG 3660 --- [crud] [http-nio-8000-exec-1] s.w.s.m.m.a.RequestMappingHandlerMapping : Mapped to org.springframework.boot.autoconfigure.web.servlet.error.BasicErrorController#errorHtml(HttpServletRequest, HttpServletResponse)
2025-03-19T11:41:39.351+07:00 DEBUG 3660 --- [crud] [http-nio-8000-exec-1] o.s.w.s.v.ContentNegotiatingViewResolver : Selected 'text/html' given [text/html, text/html;q=0.8]
2025-03-19T11:41:39.360+07:00 DEBUG 3660 --- [crud] [http-nio-8000-exec-1] o.s.web.servlet.DispatcherServlet        : Exiting from "ERROR" dispatch, status 500
2025-03-19T11:41:41.301+07:00 DEBUG 3660 --- [crud] [http-nio-8000-exec-2] o.s.web.servlet.DispatcherServlet        : GET "/employed", parameters={}
2025-03-19T11:41:41.302+07:00 DEBUG 3660 --- [crud] [http-nio-8000-exec-2] s.w.s.m.m.a.RequestMappingHandlerMapping : Mapped to com.mvc.crud.controller.EmployedController#index(Model)
2025-03-19T11:41:41.312+07:00 DEBUG 3660 --- [crud] [http-nio-8000-exec-2] o.s.w.s.v.ContentNegotiatingViewResolver : Selected 'text/html' given [text/html, application/xhtml+xml, application/xml;q=0.9, */*;q=0.8]
2025-03-19T11:41:41.316+07:00 ERROR 3660 --- [crud] [http-nio-8000-exec-2] org.thymeleaf.TemplateEngine             : [THYMELEAF][http-nio-8000-exec-2] Exception processing template "employee-list": An error happened during template parsing (template: "class path resource [templates/employee-list.html]")

org.thymeleaf.exceptions.TemplateInputException: An error happened during template parsing (template: "class path resource [templates/employee-list.html]")
	at org.thymeleaf.templateparser.markup.AbstractMarkupTemplateParser.parse(AbstractMarkupTemplateParser.java:241) ~[thymeleaf-3.1.3.RELEASE.jar:3.1.3.RELEASE]
	at org.thymeleaf.templateparser.markup.AbstractMarkupTemplateParser.parseStandalone(AbstractMarkupTemplateParser.java:100) ~[thymeleaf-3.1.3.RELEASE.jar:3.1.3.RELEASE]
	at org.thymeleaf.engine.TemplateManager.parseAndProcess(TemplateManager.java:666) ~[thymeleaf-3.1.3.RELEASE.jar:3.1.3.RELEASE]
	at org.thymeleaf.TemplateEngine.process(TemplateEngine.java:1103) ~[thymeleaf-3.1.3.RELEASE.jar:3.1.3.RELEASE]
	at org.thymeleaf.TemplateEngine.process(TemplateEngine.java:1077) ~[thymeleaf-3.1.3.RELEASE.jar:3.1.3.RELEASE]
	at org.thymeleaf.spring6.view.ThymeleafView.renderFragment(ThymeleafView.java:372) ~[thymeleaf-spring6-3.1.3.RELEASE.jar:3.1.3.RELEASE]
	at org.thymeleaf.spring6.view.ThymeleafView.render(ThymeleafView.java:192) ~[thymeleaf-spring6-3.1.3.RELEASE.jar:3.1.3.RELEASE]
	at org.springframework.web.servlet.DispatcherServlet.render(DispatcherServlet.java:1435) ~[spring-webmvc-6.2.3.jar:6.2.3]
	at org.springframework.web.servlet.DispatcherServlet.processDispatchResult(DispatcherServlet.java:1167) ~[spring-webmvc-6.2.3.jar:6.2.3]
	at org.springframework.web.servlet.DispatcherServlet.doDispatch(DispatcherServlet.java:1105) ~[spring-webmvc-6.2.3.jar:6.2.3]
	at org.springframework.web.servlet.DispatcherServlet.doService(DispatcherServlet.java:978) ~[spring-webmvc-6.2.3.jar:6.2.3]
	at org.springframework.web.servlet.FrameworkServlet.processRequest(FrameworkServlet.java:1014) ~[spring-webmvc-6.2.3.jar:6.2.3]
	at org.springframework.web.servlet.FrameworkServlet.doGet(FrameworkServlet.java:903) ~[spring-webmvc-6.2.3.jar:6.2.3]
	at jakarta.servlet.http.HttpServlet.service(HttpServlet.java:564) ~[tomcat-embed-core-10.1.36.jar:6.0]
	at org.springframework.web.servlet.FrameworkServlet.service(FrameworkServlet.java:885) ~[spring-webmvc-6.2.3.jar:6.2.3]
	at jakarta.servlet.http.HttpServlet.service(HttpServlet.java:658) ~[tomcat-embed-core-10.1.36.jar:6.0]
	at org.apache.catalina.core.ApplicationFilterChain.internalDoFilter(ApplicationFilterChain.java:195) ~[tomcat-embed-core-10.1.36.jar:10.1.36]
	at org.apache.catalina.core.ApplicationFilterChain.doFilter(ApplicationFilterChain.java:140) ~[tomcat-embed-core-10.1.36.jar:10.1.36]
	at org.apache.tomcat.websocket.server.WsFilter.doFilter(WsFilter.java:51) ~[tomcat-embed-websocket-10.1.36.jar:10.1.36]
	at org.apache.catalina.core.ApplicationFilterChain.internalDoFilter(ApplicationFilterChain.java:164) ~[tomcat-embed-core-10.1.36.jar:10.1.36]
	at org.apache.catalina.core.ApplicationFilterChain.doFilter(ApplicationFilterChain.java:140) ~[tomcat-embed-core-10.1.36.jar:10.1.36]
	at org.springframework.web.filter.RequestContextFilter.doFilterInternal(RequestContextFilter.java:100) ~[spring-web-6.2.3.jar:6.2.3]
	at org.springframework.web.filter.OncePerRequestFilter.doFilter(OncePerRequestFilter.java:116) ~[spring-web-6.2.3.jar:6.2.3]
	at org.apache.catalina.core.ApplicationFilterChain.internalDoFilter(ApplicationFilterChain.java:164) ~[tomcat-embed-core-10.1.36.jar:10.1.36]
	at org.apache.catalina.core.ApplicationFilterChain.doFilter(ApplicationFilterChain.java:140) ~[tomcat-embed-core-10.1.36.jar:10.1.36]
	at org.springframework.web.filter.FormContentFilter.doFilterInternal(FormContentFilter.java:93) ~[spring-web-6.2.3.jar:6.2.3]
	at org.springframework.web.filter.OncePerRequestFilter.doFilter(OncePerRequestFilter.java:116) ~[spring-web-6.2.3.jar:6.2.3]
	at org.apache.catalina.core.ApplicationFilterChain.internalDoFilter(ApplicationFilterChain.java:164) ~[tomcat-embed-core-10.1.36.jar:10.1.36]
	at org.apache.catalina.core.ApplicationFilterChain.doFilter(ApplicationFilterChain.java:140) ~[tomcat-embed-core-10.1.36.jar:10.1.36]
	at org.springframework.web.filter.CharacterEncodingFilter.doFilterInternal(CharacterEncodingFilter.java:201) ~[spring-web-6.2.3.jar:6.2.3]
	at org.springframework.web.filter.OncePerRequestFilter.doFilter(OncePerRequestFilter.java:116) ~[spring-web-6.2.3.jar:6.2.3]
	at org.apache.catalina.core.ApplicationFilterChain.internalDoFilter(ApplicationFilterChain.java:164) ~[tomcat-embed-core-10.1.36.jar:10.1.36]
	at org.apache.catalina.core.ApplicationFilterChain.doFilter(ApplicationFilterChain.java:140) ~[tomcat-embed-core-10.1.36.jar:10.1.36]
	at org.apache.catalina.core.StandardWrapperValve.invoke(StandardWrapperValve.java:167) ~[tomcat-embed-core-10.1.36.jar:10.1.36]
	at org.apache.catalina.core.StandardContextValve.invoke(StandardContextValve.java:90) ~[tomcat-embed-core-10.1.36.jar:10.1.36]
	at org.apache.catalina.authenticator.AuthenticatorBase.invoke(AuthenticatorBase.java:483) ~[tomcat-embed-core-10.1.36.jar:10.1.36]
	at org.apache.catalina.core.StandardHostValve.invoke(StandardHostValve.java:115) ~[tomcat-embed-core-10.1.36.jar:10.1.36]
	at org.apache.catalina.valves.ErrorReportValve.invoke(ErrorReportValve.java:93) ~[tomcat-embed-core-10.1.36.jar:10.1.36]
	at org.apache.catalina.core.StandardEngineValve.invoke(StandardEngineValve.java:74) ~[tomcat-embed-core-10.1.36.jar:10.1.36]
	at org.apache.catalina.connector.CoyoteAdapter.service(CoyoteAdapter.java:344) ~[tomcat-embed-core-10.1.36.jar:10.1.36]
	at org.apache.coyote.http11.Http11Processor.service(Http11Processor.java:397) ~[tomcat-embed-core-10.1.36.jar:10.1.36]
	at org.apache.coyote.AbstractProcessorLight.process(AbstractProcessorLight.java:63) ~[tomcat-embed-core-10.1.36.jar:10.1.36]
	at org.apache.coyote.AbstractProtocol$ConnectionHandler.process(AbstractProtocol.java:905) ~[tomcat-embed-core-10.1.36.jar:10.1.36]
	at org.apache.tomcat.util.net.NioEndpoint$SocketProcessor.doRun(NioEndpoint.java:1743) ~[tomcat-embed-core-10.1.36.jar:10.1.36]
	at org.apache.tomcat.util.net.SocketProcessorBase.run(SocketProcessorBase.java:52) ~[tomcat-embed-core-10.1.36.jar:10.1.36]
	at org.apache.tomcat.util.threads.ThreadPoolExecutor.runWorker(ThreadPoolExecutor.java:1190) ~[tomcat-embed-core-10.1.36.jar:10.1.36]
	at org.apache.tomcat.util.threads.ThreadPoolExecutor$Worker.run(ThreadPoolExecutor.java:659) ~[tomcat-embed-core-10.1.36.jar:10.1.36]
	at org.apache.tomcat.util.threads.TaskThread$WrappingRunnable.run(TaskThread.java:63) ~[tomcat-embed-core-10.1.36.jar:10.1.36]
	at java.base/java.lang.Thread.run(Thread.java:1583) ~[na:na]
Caused by: org.attoparser.ParseException: Could not parse as each: "employee : ${employees}}" (template: "employee-list" - line 23, col 9)
	at org.attoparser.MarkupParser.parseDocument(MarkupParser.java:393) ~[attoparser-2.0.7.RELEASE.jar:2.0.7.RELEASE]
	at org.attoparser.MarkupParser.parse(MarkupParser.java:257) ~[attoparser-2.0.7.RELEASE.jar:2.0.7.RELEASE]
	at org.thymeleaf.templateparser.markup.AbstractMarkupTemplateParser.parse(AbstractMarkupTemplateParser.java:230) ~[thymeleaf-3.1.3.RELEASE.jar:3.1.3.RELEASE]
	... 48 common frames omitted
Caused by: org.thymeleaf.exceptions.TemplateProcessingException: Could not parse as each: "employee : ${employees}}" (template: "employee-list" - line 23, col 9)
	at org.thymeleaf.standard.expression.EachUtils.parseEach(EachUtils.java:68) ~[thymeleaf-3.1.3.RELEASE.jar:3.1.3.RELEASE]
	at org.thymeleaf.standard.processor.StandardEachTagProcessor.doProcess(StandardEachTagProcessor.java:59) ~[thymeleaf-3.1.3.RELEASE.jar:3.1.3.RELEASE]
	at org.thymeleaf.processor.element.AbstractAttributeTagProcessor.doProcess(AbstractAttributeTagProcessor.java:74) ~[thymeleaf-3.1.3.RELEASE.jar:3.1.3.RELEASE]
	at org.thymeleaf.processor.element.AbstractElementTagProcessor.process(AbstractElementTagProcessor.java:95) ~[thymeleaf-3.1.3.RELEASE.jar:3.1.3.RELEASE]
	at org.thymeleaf.util.ProcessorConfigurationUtils$ElementTagProcessorWrapper.process(ProcessorConfigurationUtils.java:633) ~[thymeleaf-3.1.3.RELEASE.jar:3.1.3.RELEASE]
	at org.thymeleaf.engine.ProcessorTemplateHandler.handleOpenElement(ProcessorTemplateHandler.java:1314) ~[thymeleaf-3.1.3.RELEASE.jar:3.1.3.RELEASE]
	at org.thymeleaf.engine.TemplateHandlerAdapterMarkupHandler.handleOpenElementEnd(TemplateHandlerAdapterMarkupHandler.java:304) ~[thymeleaf-3.1.3.RELEASE.jar:3.1.3.RELEASE]
	at org.thymeleaf.templateparser.markup.InlinedOutputExpressionMarkupHandler$InlineMarkupAdapterPreProcessorHandler.handleOpenElementEnd(InlinedOutputExpressionMarkupHandler.java:278) ~[thymeleaf-3.1.3.RELEASE.jar:3.1.3.RELEASE]
	at org.thymeleaf.standard.inline.OutputExpressionInlinePreProcessorHandler.handleOpenElementEnd(OutputExpressionInlinePreProcessorHandler.java:186) ~[thymeleaf-3.1.3.RELEASE.jar:3.1.3.RELEASE]
	at org.thymeleaf.templateparser.markup.InlinedOutputExpressionMarkupHandler.handleOpenElementEnd(InlinedOutputExpressionMarkupHandler.java:124) ~[thymeleaf-3.1.3.RELEASE.jar:3.1.3.RELEASE]
	at org.attoparser.HtmlElement.handleOpenElementEnd(HtmlElement.java:109) ~[attoparser-2.0.7.RELEASE.jar:2.0.7.RELEASE]
	at org.attoparser.HtmlMarkupHandler.handleOpenElementEnd(HtmlMarkupHandler.java:297) ~[attoparser-2.0.7.RELEASE.jar:2.0.7.RELEASE]
	at org.attoparser.MarkupEventProcessorHandler.handleOpenElementEnd(MarkupEventProcessorHandler.java:402) ~[attoparser-2.0.7.RELEASE.jar:2.0.7.RELEASE]
	at org.attoparser.ParsingElementMarkupUtil.parseOpenElement(ParsingElementMarkupUtil.java:159) ~[attoparser-2.0.7.RELEASE.jar:2.0.7.RELEASE]
	at org.attoparser.MarkupParser.parseBuffer(MarkupParser.java:710) ~[attoparser-2.0.7.RELEASE.jar:2.0.7.RELEASE]
	at org.attoparser.MarkupParser.parseDocument(MarkupParser.java:301) ~[attoparser-2.0.7.RELEASE.jar:2.0.7.RELEASE]
	... 50 common frames omitted

2025-03-19T11:41:41.318+07:00 DEBUG 3660 --- [crud] [http-nio-8000-exec-2] o.s.web.servlet.DispatcherServlet        : Error rendering view [org.thymeleaf.spring6.view.ThymeleafView@7c949468]

org.thymeleaf.exceptions.TemplateInputException: An error happened during template parsing (template: "class path resource [templates/employee-list.html]")
	at org.thymeleaf.templateparser.markup.AbstractMarkupTemplateParser.parse(AbstractMarkupTemplateParser.java:241) ~[thymeleaf-3.1.3.RELEASE.jar:3.1.3.RELEASE]
	at org.thymeleaf.templateparser.markup.AbstractMarkupTemplateParser.parseStandalone(AbstractMarkupTemplateParser.java:100) ~[thymeleaf-3.1.3.RELEASE.jar:3.1.3.RELEASE]
	at org.thymeleaf.engine.TemplateManager.parseAndProcess(TemplateManager.java:666) ~[thymeleaf-3.1.3.RELEASE.jar:3.1.3.RELEASE]
	at org.thymeleaf.TemplateEngine.process(TemplateEngine.java:1103) ~[thymeleaf-3.1.3.RELEASE.jar:3.1.3.RELEASE]
	at org.thymeleaf.TemplateEngine.process(TemplateEngine.java:1077) ~[thymeleaf-3.1.3.RELEASE.jar:3.1.3.RELEASE]
	at org.thymeleaf.spring6.view.ThymeleafView.renderFragment(ThymeleafView.java:372) ~[thymeleaf-spring6-3.1.3.RELEASE.jar:3.1.3.RELEASE]
	at org.thymeleaf.spring6.view.ThymeleafView.render(ThymeleafView.java:192) ~[thymeleaf-spring6-3.1.3.RELEASE.jar:3.1.3.RELEASE]
	at org.springframework.web.servlet.DispatcherServlet.render(DispatcherServlet.java:1435) ~[spring-webmvc-6.2.3.jar:6.2.3]
	at org.springframework.web.servlet.DispatcherServlet.processDispatchResult(DispatcherServlet.java:1167) ~[spring-webmvc-6.2.3.jar:6.2.3]
	at org.springframework.web.servlet.DispatcherServlet.doDispatch(DispatcherServlet.java:1105) ~[spring-webmvc-6.2.3.jar:6.2.3]
	at org.springframework.web.servlet.DispatcherServlet.doService(DispatcherServlet.java:978) ~[spring-webmvc-6.2.3.jar:6.2.3]
	at org.springframework.web.servlet.FrameworkServlet.processRequest(FrameworkServlet.java:1014) ~[spring-webmvc-6.2.3.jar:6.2.3]
	at org.springframework.web.servlet.FrameworkServlet.doGet(FrameworkServlet.java:903) ~[spring-webmvc-6.2.3.jar:6.2.3]
	at jakarta.servlet.http.HttpServlet.service(HttpServlet.java:564) ~[tomcat-embed-core-10.1.36.jar:6.0]
	at org.springframework.web.servlet.FrameworkServlet.service(FrameworkServlet.java:885) ~[spring-webmvc-6.2.3.jar:6.2.3]
	at jakarta.servlet.http.HttpServlet.service(HttpServlet.java:658) ~[tomcat-embed-core-10.1.36.jar:6.0]
	at org.apache.catalina.core.ApplicationFilterChain.internalDoFilter(ApplicationFilterChain.java:195) ~[tomcat-embed-core-10.1.36.jar:10.1.36]
	at org.apache.catalina.core.ApplicationFilterChain.doFilter(ApplicationFilterChain.java:140) ~[tomcat-embed-core-10.1.36.jar:10.1.36]
	at org.apache.tomcat.websocket.server.WsFilter.doFilter(WsFilter.java:51) ~[tomcat-embed-websocket-10.1.36.jar:10.1.36]
	at org.apache.catalina.core.ApplicationFilterChain.internalDoFilter(ApplicationFilterChain.java:164) ~[tomcat-embed-core-10.1.36.jar:10.1.36]
	at org.apache.catalina.core.ApplicationFilterChain.doFilter(ApplicationFilterChain.java:140) ~[tomcat-embed-core-10.1.36.jar:10.1.36]
	at org.springframework.web.filter.RequestContextFilter.doFilterInternal(RequestContextFilter.java:100) ~[spring-web-6.2.3.jar:6.2.3]
	at org.springframework.web.filter.OncePerRequestFilter.doFilter(OncePerRequestFilter.java:116) ~[spring-web-6.2.3.jar:6.2.3]
	at org.apache.catalina.core.ApplicationFilterChain.internalDoFilter(ApplicationFilterChain.java:164) ~[tomcat-embed-core-10.1.36.jar:10.1.36]
	at org.apache.catalina.core.ApplicationFilterChain.doFilter(ApplicationFilterChain.java:140) ~[tomcat-embed-core-10.1.36.jar:10.1.36]
	at org.springframework.web.filter.FormContentFilter.doFilterInternal(FormContentFilter.java:93) ~[spring-web-6.2.3.jar:6.2.3]
	at org.springframework.web.filter.OncePerRequestFilter.doFilter(OncePerRequestFilter.java:116) ~[spring-web-6.2.3.jar:6.2.3]
	at org.apache.catalina.core.ApplicationFilterChain.internalDoFilter(ApplicationFilterChain.java:164) ~[tomcat-embed-core-10.1.36.jar:10.1.36]
	at org.apache.catalina.core.ApplicationFilterChain.doFilter(ApplicationFilterChain.java:140) ~[tomcat-embed-core-10.1.36.jar:10.1.36]
	at org.springframework.web.filter.CharacterEncodingFilter.doFilterInternal(CharacterEncodingFilter.java:201) ~[spring-web-6.2.3.jar:6.2.3]
	at org.springframework.web.filter.OncePerRequestFilter.doFilter(OncePerRequestFilter.java:116) ~[spring-web-6.2.3.jar:6.2.3]
	at org.apache.catalina.core.ApplicationFilterChain.internalDoFilter(ApplicationFilterChain.java:164) ~[tomcat-embed-core-10.1.36.jar:10.1.36]
	at org.apache.catalina.core.ApplicationFilterChain.doFilter(ApplicationFilterChain.java:140) ~[tomcat-embed-core-10.1.36.jar:10.1.36]
	at org.apache.catalina.core.StandardWrapperValve.invoke(StandardWrapperValve.java:167) ~[tomcat-embed-core-10.1.36.jar:10.1.36]
	at org.apache.catalina.core.StandardContextValve.invoke(StandardContextValve.java:90) ~[tomcat-embed-core-10.1.36.jar:10.1.36]
	at org.apache.catalina.authenticator.AuthenticatorBase.invoke(AuthenticatorBase.java:483) ~[tomcat-embed-core-10.1.36.jar:10.1.36]
	at org.apache.catalina.core.StandardHostValve.invoke(StandardHostValve.java:115) ~[tomcat-embed-core-10.1.36.jar:10.1.36]
	at org.apache.catalina.valves.ErrorReportValve.invoke(ErrorReportValve.java:93) ~[tomcat-embed-core-10.1.36.jar:10.1.36]
	at org.apache.catalina.core.StandardEngineValve.invoke(StandardEngineValve.java:74) ~[tomcat-embed-core-10.1.36.jar:10.1.36]
	at org.apache.catalina.connector.CoyoteAdapter.service(CoyoteAdapter.java:344) ~[tomcat-embed-core-10.1.36.jar:10.1.36]
	at org.apache.coyote.http11.Http11Processor.service(Http11Processor.java:397) ~[tomcat-embed-core-10.1.36.jar:10.1.36]
	at org.apache.coyote.AbstractProcessorLight.process(AbstractProcessorLight.java:63) ~[tomcat-embed-core-10.1.36.jar:10.1.36]
	at org.apache.coyote.AbstractProtocol$ConnectionHandler.process(AbstractProtocol.java:905) ~[tomcat-embed-core-10.1.36.jar:10.1.36]
	at org.apache.tomcat.util.net.NioEndpoint$SocketProcessor.doRun(NioEndpoint.java:1743) ~[tomcat-embed-core-10.1.36.jar:10.1.36]
	at org.apache.tomcat.util.net.SocketProcessorBase.run(SocketProcessorBase.java:52) ~[tomcat-embed-core-10.1.36.jar:10.1.36]
	at org.apache.tomcat.util.threads.ThreadPoolExecutor.runWorker(ThreadPoolExecutor.java:1190) ~[tomcat-embed-core-10.1.36.jar:10.1.36]
	at org.apache.tomcat.util.threads.ThreadPoolExecutor$Worker.run(ThreadPoolExecutor.java:659) ~[tomcat-embed-core-10.1.36.jar:10.1.36]
	at org.apache.tomcat.util.threads.TaskThread$WrappingRunnable.run(TaskThread.java:63) ~[tomcat-embed-core-10.1.36.jar:10.1.36]
	at java.base/java.lang.Thread.run(Thread.java:1583) ~[na:na]
Caused by: org.attoparser.ParseException: Could not parse as each: "employee : ${employees}}" (template: "employee-list" - line 23, col 9)
	at org.attoparser.MarkupParser.parseDocument(MarkupParser.java:393) ~[attoparser-2.0.7.RELEASE.jar:2.0.7.RELEASE]
	at org.attoparser.MarkupParser.parse(MarkupParser.java:257) ~[attoparser-2.0.7.RELEASE.jar:2.0.7.RELEASE]
	at org.thymeleaf.templateparser.markup.AbstractMarkupTemplateParser.parse(AbstractMarkupTemplateParser.java:230) ~[thymeleaf-3.1.3.RELEASE.jar:3.1.3.RELEASE]
	... 48 common frames omitted
Caused by: org.thymeleaf.exceptions.TemplateProcessingException: Could not parse as each: "employee : ${employees}}" (template: "employee-list" - line 23, col 9)
	at org.thymeleaf.standard.expression.EachUtils.parseEach(EachUtils.java:68) ~[thymeleaf-3.1.3.RELEASE.jar:3.1.3.RELEASE]
	at org.thymeleaf.standard.processor.StandardEachTagProcessor.doProcess(StandardEachTagProcessor.java:59) ~[thymeleaf-3.1.3.RELEASE.jar:3.1.3.RELEASE]
	at org.thymeleaf.processor.element.AbstractAttributeTagProcessor.doProcess(AbstractAttributeTagProcessor.java:74) ~[thymeleaf-3.1.3.RELEASE.jar:3.1.3.RELEASE]
	at org.thymeleaf.processor.element.AbstractElementTagProcessor.process(AbstractElementTagProcessor.java:95) ~[thymeleaf-3.1.3.RELEASE.jar:3.1.3.RELEASE]
	at org.thymeleaf.util.ProcessorConfigurationUtils$ElementTagProcessorWrapper.process(ProcessorConfigurationUtils.java:633) ~[thymeleaf-3.1.3.RELEASE.jar:3.1.3.RELEASE]
	at org.thymeleaf.engine.ProcessorTemplateHandler.handleOpenElement(ProcessorTemplateHandler.java:1314) ~[thymeleaf-3.1.3.RELEASE.jar:3.1.3.RELEASE]
	at org.thymeleaf.engine.TemplateHandlerAdapterMarkupHandler.handleOpenElementEnd(TemplateHandlerAdapterMarkupHandler.java:304) ~[thymeleaf-3.1.3.RELEASE.jar:3.1.3.RELEASE]
	at org.thymeleaf.templateparser.markup.InlinedOutputExpressionMarkupHandler$InlineMarkupAdapterPreProcessorHandler.handleOpenElementEnd(InlinedOutputExpressionMarkupHandler.java:278) ~[thymeleaf-3.1.3.RELEASE.jar:3.1.3.RELEASE]
	at org.thymeleaf.standard.inline.OutputExpressionInlinePreProcessorHandler.handleOpenElementEnd(OutputExpressionInlinePreProcessorHandler.java:186) ~[thymeleaf-3.1.3.RELEASE.jar:3.1.3.RELEASE]
	at org.thymeleaf.templateparser.markup.InlinedOutputExpressionMarkupHandler.handleOpenElementEnd(InlinedOutputExpressionMarkupHandler.java:124) ~[thymeleaf-3.1.3.RELEASE.jar:3.1.3.RELEASE]
	at org.attoparser.HtmlElement.handleOpenElementEnd(HtmlElement.java:109) ~[attoparser-2.0.7.RELEASE.jar:2.0.7.RELEASE]
	at org.attoparser.HtmlMarkupHandler.handleOpenElementEnd(HtmlMarkupHandler.java:297) ~[attoparser-2.0.7.RELEASE.jar:2.0.7.RELEASE]
	at org.attoparser.MarkupEventProcessorHandler.handleOpenElementEnd(MarkupEventProcessorHandler.java:402) ~[attoparser-2.0.7.RELEASE.jar:2.0.7.RELEASE]
	at org.attoparser.ParsingElementMarkupUtil.parseOpenElement(ParsingElementMarkupUtil.java:159) ~[attoparser-2.0.7.RELEASE.jar:2.0.7.RELEASE]
	at org.attoparser.MarkupParser.parseBuffer(MarkupParser.java:710) ~[attoparser-2.0.7.RELEASE.jar:2.0.7.RELEASE]
	at org.attoparser.MarkupParser.parseDocument(MarkupParser.java:301) ~[attoparser-2.0.7.RELEASE.jar:2.0.7.RELEASE]
	... 50 common frames omitted

2025-03-19T11:41:41.320+07:00 DEBUG 3660 --- [crud] [http-nio-8000-exec-2] o.s.web.servlet.DispatcherServlet        : Failed to complete request: org.thymeleaf.exceptions.TemplateInputException: An error happened during template parsing (template: "class path resource [templates/employee-list.html]")
2025-03-19T11:41:41.320+07:00 ERROR 3660 --- [crud] [http-nio-8000-exec-2] o.a.c.c.C.[.[.[/].[dispatcherServlet]    : Servlet.service() for servlet [dispatcherServlet] in context with path [] threw exception [Request processing failed: org.thymeleaf.exceptions.TemplateInputException: An error happened during template parsing (template: "class path resource [templates/employee-list.html]")] with root cause

org.thymeleaf.exceptions.TemplateProcessingException: Could not parse as each: "employee : ${employees}}" (template: "employee-list" - line 23, col 9)
	at org.thymeleaf.standard.expression.EachUtils.parseEach(EachUtils.java:68) ~[thymeleaf-3.1.3.RELEASE.jar:3.1.3.RELEASE]
	at org.thymeleaf.standard.processor.StandardEachTagProcessor.doProcess(StandardEachTagProcessor.java:59) ~[thymeleaf-3.1.3.RELEASE.jar:3.1.3.RELEASE]
	at org.thymeleaf.processor.element.AbstractAttributeTagProcessor.doProcess(AbstractAttributeTagProcessor.java:74) ~[thymeleaf-3.1.3.RELEASE.jar:3.1.3.RELEASE]
	at org.thymeleaf.processor.element.AbstractElementTagProcessor.process(AbstractElementTagProcessor.java:95) ~[thymeleaf-3.1.3.RELEASE.jar:3.1.3.RELEASE]
	at org.thymeleaf.util.ProcessorConfigurationUtils$ElementTagProcessorWrapper.process(ProcessorConfigurationUtils.java:633) ~[thymeleaf-3.1.3.RELEASE.jar:3.1.3.RELEASE]
	at org.thymeleaf.engine.ProcessorTemplateHandler.handleOpenElement(ProcessorTemplateHandler.java:1314) ~[thymeleaf-3.1.3.RELEASE.jar:3.1.3.RELEASE]
	at org.thymeleaf.engine.TemplateHandlerAdapterMarkupHandler.handleOpenElementEnd(TemplateHandlerAdapterMarkupHandler.java:304) ~[thymeleaf-3.1.3.RELEASE.jar:3.1.3.RELEASE]
	at org.thymeleaf.templateparser.markup.InlinedOutputExpressionMarkupHandler$InlineMarkupAdapterPreProcessorHandler.handleOpenElementEnd(InlinedOutputExpressionMarkupHandler.java:278) ~[thymeleaf-3.1.3.RELEASE.jar:3.1.3.RELEASE]
	at org.thymeleaf.standard.inline.OutputExpressionInlinePreProcessorHandler.handleOpenElementEnd(OutputExpressionInlinePreProcessorHandler.java:186) ~[thymeleaf-3.1.3.RELEASE.jar:3.1.3.RELEASE]
	at org.thymeleaf.templateparser.markup.InlinedOutputExpressionMarkupHandler.handleOpenElementEnd(InlinedOutputExpressionMarkupHandler.java:124) ~[thymeleaf-3.1.3.RELEASE.jar:3.1.3.RELEASE]
	at org.attoparser.HtmlElement.handleOpenElementEnd(HtmlElement.java:109) ~[attoparser-2.0.7.RELEASE.jar:2.0.7.RELEASE]
	at org.attoparser.HtmlMarkupHandler.handleOpenElementEnd(HtmlMarkupHandler.java:297) ~[attoparser-2.0.7.RELEASE.jar:2.0.7.RELEASE]
	at org.attoparser.MarkupEventProcessorHandler.handleOpenElementEnd(MarkupEventProcessorHandler.java:402) ~[attoparser-2.0.7.RELEASE.jar:2.0.7.RELEASE]
	at org.attoparser.ParsingElementMarkupUtil.parseOpenElement(ParsingElementMarkupUtil.java:159) ~[attoparser-2.0.7.RELEASE.jar:2.0.7.RELEASE]
	at org.attoparser.MarkupParser.parseBuffer(MarkupParser.java:710) ~[attoparser-2.0.7.RELEASE.jar:2.0.7.RELEASE]
	at org.attoparser.MarkupParser.parseDocument(MarkupParser.java:301) ~[attoparser-2.0.7.RELEASE.jar:2.0.7.RELEASE]
	at org.attoparser.MarkupParser.parse(MarkupParser.java:257) ~[attoparser-2.0.7.RELEASE.jar:2.0.7.RELEASE]
	at org.thymeleaf.templateparser.markup.AbstractMarkupTemplateParser.parse(AbstractMarkupTemplateParser.java:230) ~[thymeleaf-3.1.3.RELEASE.jar:3.1.3.RELEASE]
	at org.thymeleaf.templateparser.markup.AbstractMarkupTemplateParser.parseStandalone(AbstractMarkupTemplateParser.java:100) ~[thymeleaf-3.1.3.RELEASE.jar:3.1.3.RELEASE]
	at org.thymeleaf.engine.TemplateManager.parseAndProcess(TemplateManager.java:666) ~[thymeleaf-3.1.3.RELEASE.jar:3.1.3.RELEASE]
	at org.thymeleaf.TemplateEngine.process(TemplateEngine.java:1103) ~[thymeleaf-3.1.3.RELEASE.jar:3.1.3.RELEASE]
	at org.thymeleaf.TemplateEngine.process(TemplateEngine.java:1077) ~[thymeleaf-3.1.3.RELEASE.jar:3.1.3.RELEASE]
	at org.thymeleaf.spring6.view.ThymeleafView.renderFragment(ThymeleafView.java:372) ~[thymeleaf-spring6-3.1.3.RELEASE.jar:3.1.3.RELEASE]
	at org.thymeleaf.spring6.view.ThymeleafView.render(ThymeleafView.java:192) ~[thymeleaf-spring6-3.1.3.RELEASE.jar:3.1.3.RELEASE]
	at org.springframework.web.servlet.DispatcherServlet.render(DispatcherServlet.java:1435) ~[spring-webmvc-6.2.3.jar:6.2.3]
	at org.springframework.web.servlet.DispatcherServlet.processDispatchResult(DispatcherServlet.java:1167) ~[spring-webmvc-6.2.3.jar:6.2.3]
	at org.springframework.web.servlet.DispatcherServlet.doDispatch(DispatcherServlet.java:1105) ~[spring-webmvc-6.2.3.jar:6.2.3]
	at org.springframework.web.servlet.DispatcherServlet.doService(DispatcherServlet.java:978) ~[spring-webmvc-6.2.3.jar:6.2.3]
	at org.springframework.web.servlet.FrameworkServlet.processRequest(FrameworkServlet.java:1014) ~[spring-webmvc-6.2.3.jar:6.2.3]
	at org.springframework.web.servlet.FrameworkServlet.doGet(FrameworkServlet.java:903) ~[spring-webmvc-6.2.3.jar:6.2.3]
	at jakarta.servlet.http.HttpServlet.service(HttpServlet.java:564) ~[tomcat-embed-core-10.1.36.jar:6.0]
	at org.springframework.web.servlet.FrameworkServlet.service(FrameworkServlet.java:885) ~[spring-webmvc-6.2.3.jar:6.2.3]
	at jakarta.servlet.http.HttpServlet.service(HttpServlet.java:658) ~[tomcat-embed-core-10.1.36.jar:6.0]
	at org.apache.catalina.core.ApplicationFilterChain.internalDoFilter(ApplicationFilterChain.java:195) ~[tomcat-embed-core-10.1.36.jar:10.1.36]
	at org.apache.catalina.core.ApplicationFilterChain.doFilter(ApplicationFilterChain.java:140) ~[tomcat-embed-core-10.1.36.jar:10.1.36]
	at org.apache.tomcat.websocket.server.WsFilter.doFilter(WsFilter.java:51) ~[tomcat-embed-websocket-10.1.36.jar:10.1.36]
	at org.apache.catalina.core.ApplicationFilterChain.internalDoFilter(ApplicationFilterChain.java:164) ~[tomcat-embed-core-10.1.36.jar:10.1.36]
	at org.apache.catalina.core.ApplicationFilterChain.doFilter(ApplicationFilterChain.java:140) ~[tomcat-embed-core-10.1.36.jar:10.1.36]
	at org.springframework.web.filter.RequestContextFilter.doFilterInternal(RequestContextFilter.java:100) ~[spring-web-6.2.3.jar:6.2.3]
	at org.springframework.web.filter.OncePerRequestFilter.doFilter(OncePerRequestFilter.java:116) ~[spring-web-6.2.3.jar:6.2.3]
	at org.apache.catalina.core.ApplicationFilterChain.internalDoFilter(ApplicationFilterChain.java:164) ~[tomcat-embed-core-10.1.36.jar:10.1.36]
	at org.apache.catalina.core.ApplicationFilterChain.doFilter(ApplicationFilterChain.java:140) ~[tomcat-embed-core-10.1.36.jar:10.1.36]
	at org.springframework.web.filter.FormContentFilter.doFilterInternal(FormContentFilter.java:93) ~[spring-web-6.2.3.jar:6.2.3]
	at org.springframework.web.filter.OncePerRequestFilter.doFilter(OncePerRequestFilter.java:116) ~[spring-web-6.2.3.jar:6.2.3]
	at org.apache.catalina.core.ApplicationFilterChain.internalDoFilter(ApplicationFilterChain.java:164) ~[tomcat-embed-core-10.1.36.jar:10.1.36]
	at org.apache.catalina.core.ApplicationFilterChain.doFilter(ApplicationFilterChain.java:140) ~[tomcat-embed-core-10.1.36.jar:10.1.36]
	at org.springframework.web.filter.CharacterEncodingFilter.doFilterInternal(CharacterEncodingFilter.java:201) ~[spring-web-6.2.3.jar:6.2.3]
	at org.springframework.web.filter.OncePerRequestFilter.doFilter(OncePerRequestFilter.java:116) ~[spring-web-6.2.3.jar:6.2.3]
	at org.apache.catalina.core.ApplicationFilterChain.internalDoFilter(ApplicationFilterChain.java:164) ~[tomcat-embed-core-10.1.36.jar:10.1.36]
	at org.apache.catalina.core.ApplicationFilterChain.doFilter(ApplicationFilterChain.java:140) ~[tomcat-embed-core-10.1.36.jar:10.1.36]
	at org.apache.catalina.core.StandardWrapperValve.invoke(StandardWrapperValve.java:167) ~[tomcat-embed-core-10.1.36.jar:10.1.36]
	at org.apache.catalina.core.StandardContextValve.invoke(StandardContextValve.java:90) ~[tomcat-embed-core-10.1.36.jar:10.1.36]
	at org.apache.catalina.authenticator.AuthenticatorBase.invoke(AuthenticatorBase.java:483) ~[tomcat-embed-core-10.1.36.jar:10.1.36]
	at org.apache.catalina.core.StandardHostValve.invoke(StandardHostValve.java:115) ~[tomcat-embed-core-10.1.36.jar:10.1.36]
	at org.apache.catalina.valves.ErrorReportValve.invoke(ErrorReportValve.java:93) ~[tomcat-embed-core-10.1.36.jar:10.1.36]
	at org.apache.catalina.core.StandardEngineValve.invoke(StandardEngineValve.java:74) ~[tomcat-embed-core-10.1.36.jar:10.1.36]
	at org.apache.catalina.connector.CoyoteAdapter.service(CoyoteAdapter.java:344) ~[tomcat-embed-core-10.1.36.jar:10.1.36]
	at org.apache.coyote.http11.Http11Processor.service(Http11Processor.java:397) ~[tomcat-embed-core-10.1.36.jar:10.1.36]
	at org.apache.coyote.AbstractProcessorLight.process(AbstractProcessorLight.java:63) ~[tomcat-embed-core-10.1.36.jar:10.1.36]
	at org.apache.coyote.AbstractProtocol$ConnectionHandler.process(AbstractProtocol.java:905) ~[tomcat-embed-core-10.1.36.jar:10.1.36]
	at org.apache.tomcat.util.net.NioEndpoint$SocketProcessor.doRun(NioEndpoint.java:1743) ~[tomcat-embed-core-10.1.36.jar:10.1.36]
	at org.apache.tomcat.util.net.SocketProcessorBase.run(SocketProcessorBase.java:52) ~[tomcat-embed-core-10.1.36.jar:10.1.36]
	at org.apache.tomcat.util.threads.ThreadPoolExecutor.runWorker(ThreadPoolExecutor.java:1190) ~[tomcat-embed-core-10.1.36.jar:10.1.36]
	at org.apache.tomcat.util.threads.ThreadPoolExecutor$Worker.run(ThreadPoolExecutor.java:659) ~[tomcat-embed-core-10.1.36.jar:10.1.36]
	at org.apache.tomcat.util.threads.TaskThread$WrappingRunnable.run(TaskThread.java:63) ~[tomcat-embed-core-10.1.36.jar:10.1.36]
	at java.base/java.lang.Thread.run(Thread.java:1583) ~[na:na]

2025-03-19T11:41:41.322+07:00 DEBUG 3660 --- [crud] [http-nio-8000-exec-2] o.s.web.servlet.DispatcherServlet        : "ERROR" dispatch for GET "/error", parameters={}
2025-03-19T11:41:41.323+07:00 DEBUG 3660 --- [crud] [http-nio-8000-exec-2] s.w.s.m.m.a.RequestMappingHandlerMapping : Mapped to org.springframework.boot.autoconfigure.web.servlet.error.BasicErrorController#errorHtml(HttpServletRequest, HttpServletResponse)
2025-03-19T11:41:41.331+07:00 DEBUG 3660 --- [crud] [http-nio-8000-exec-2] o.s.w.s.v.ContentNegotiatingViewResolver : Selected 'text/html' given [text/html, text/html;q=0.8]
2025-03-19T11:41:41.333+07:00 DEBUG 3660 --- [crud] [http-nio-8000-exec-2] o.s.web.servlet.DispatcherServlet        : Exiting from "ERROR" dispatch, status 500
2025-03-19T11:42:38.283+07:00  INFO 3660 --- [crud] [SpringApplicationShutdownHook] o.s.b.w.e.tomcat.GracefulShutdown        : Commencing graceful shutdown. Waiting for active requests to complete
2025-03-19T11:42:38.287+07:00  INFO 3660 --- [crud] [tomcat-shutdown] o.s.b.w.e.tomcat.GracefulShutdown        : Graceful shutdown complete
2025-03-19T11:42:38.293+07:00  INFO 3660 --- [crud] [SpringApplicationShutdownHook] j.LocalContainerEntityManagerFactoryBean : Closing JPA EntityManagerFactory for persistence unit 'default'
2025-03-19T11:42:38.300+07:00  INFO 3660 --- [crud] [SpringApplicationShutdownHook] com.zaxxer.hikari.HikariDataSource       : HikariPool-1 - Shutdown initiated...
2025-03-19T11:42:38.311+07:00  INFO 3660 --- [crud] [SpringApplicationShutdownHook] com.zaxxer.hikari.HikariDataSource       : HikariPool-1 - Shutdown completed.
2025-03-19T11:42:42.364+07:00  INFO 3766 --- [crud] [restartedMain] com.mvc.crud.CrudApplication             : Starting CrudApplication using Java 21.0.5 with PID 3766 (/home/tony/Documents/Spring Boot Course/Section 7 - MVC CRUD/target/classes started by tony in /home/tony/Documents/Spring Boot Course/Section 7 - MVC CRUD)
2025-03-19T11:42:42.369+07:00  INFO 3766 --- [crud] [restartedMain] com.mvc.crud.CrudApplication             : No active profile set, falling back to 1 default profile: "default"
2025-03-19T11:42:42.461+07:00  INFO 3766 --- [crud] [restartedMain] .e.DevToolsPropertyDefaultsPostProcessor : Devtools property defaults active! Set 'spring.devtools.add-properties' to 'false' to disable
2025-03-19T11:42:42.462+07:00  INFO 3766 --- [crud] [restartedMain] .e.DevToolsPropertyDefaultsPostProcessor : For additional web related logging consider setting the 'logging.level.web' property to 'DEBUG'
2025-03-19T11:42:43.504+07:00  INFO 3766 --- [crud] [restartedMain] .s.d.r.c.RepositoryConfigurationDelegate : Bootstrapping Spring Data JPA repositories in DEFAULT mode.
2025-03-19T11:42:43.534+07:00  INFO 3766 --- [crud] [restartedMain] .s.d.r.c.RepositoryConfigurationDelegate : Finished Spring Data repository scanning in 17 ms. Found 0 JPA repository interfaces.
2025-03-19T11:42:44.460+07:00  INFO 3766 --- [crud] [restartedMain] o.s.b.w.embedded.tomcat.TomcatWebServer  : Tomcat initialized with port 8000 (http)
2025-03-19T11:42:44.482+07:00  INFO 3766 --- [crud] [restartedMain] o.apache.catalina.core.StandardService   : Starting service [Tomcat]
2025-03-19T11:42:44.483+07:00  INFO 3766 --- [crud] [restartedMain] o.apache.catalina.core.StandardEngine    : Starting Servlet engine: [Apache Tomcat/10.1.36]
2025-03-19T11:42:44.532+07:00  INFO 3766 --- [crud] [restartedMain] o.a.c.c.C.[Tomcat].[localhost].[/]       : Initializing Spring embedded WebApplicationContext
2025-03-19T11:42:44.532+07:00  INFO 3766 --- [crud] [restartedMain] w.s.c.ServletWebServerApplicationContext : Root WebApplicationContext: initialization completed in 2068 ms
2025-03-19T11:42:44.732+07:00  INFO 3766 --- [crud] [restartedMain] com.zaxxer.hikari.HikariDataSource       : HikariPool-1 - Starting...
2025-03-19T11:42:45.351+07:00  INFO 3766 --- [crud] [restartedMain] com.zaxxer.hikari.pool.HikariPool        : HikariPool-1 - Added connection com.mysql.cj.jdbc.ConnectionImpl@24e8a8b1
2025-03-19T11:42:45.356+07:00  INFO 3766 --- [crud] [restartedMain] com.zaxxer.hikari.HikariDataSource       : HikariPool-1 - Start completed.
2025-03-19T11:42:46.009+07:00  INFO 3766 --- [crud] [restartedMain] o.s.o.j.p.SpringPersistenceUnitInfo      : No LoadTimeWeaver setup: ignoring JPA class transformer
2025-03-19T11:42:47.144+07:00  INFO 3766 --- [crud] [restartedMain] j.LocalContainerEntityManagerFactoryBean : Initialized JPA EntityManagerFactory for persistence unit 'default'
2025-03-19T11:42:47.364+07:00  WARN 3766 --- [crud] [restartedMain] JpaBaseConfiguration$JpaWebConfiguration : spring.jpa.open-in-view is enabled by default. Therefore, database queries may be performed during view rendering. Explicitly configure spring.jpa.open-in-view to disable this warning
2025-03-19T11:42:47.519+07:00 DEBUG 3766 --- [crud] [restartedMain] s.w.s.m.m.a.RequestMappingHandlerMapping : 7 mappings in 'requestMappingHandlerMapping'
2025-03-19T11:42:47.684+07:00 DEBUG 3766 --- [crud] [restartedMain] o.s.w.s.handler.SimpleUrlHandlerMapping  : Patterns [/webjars/**, /**] in 'resourceHandlerMapping'
2025-03-19T11:42:47.747+07:00 DEBUG 3766 --- [crud] [restartedMain] s.w.s.m.m.a.RequestMappingHandlerAdapter : ControllerAdvice beans: 0 @ModelAttribute, 0 @InitBinder, 1 RequestBodyAdvice, 1 ResponseBodyAdvice
2025-03-19T11:42:47.864+07:00 DEBUG 3766 --- [crud] [restartedMain] .m.m.a.ExceptionHandlerExceptionResolver : ControllerAdvice beans: 0 @ExceptionHandler, 1 ResponseBodyAdvice
2025-03-19T11:42:48.075+07:00  INFO 3766 --- [crud] [restartedMain] o.s.b.d.a.OptionalLiveReloadServer       : LiveReload server is running on port 35729
2025-03-19T11:42:48.133+07:00  INFO 3766 --- [crud] [restartedMain] o.s.b.w.embedded.tomcat.TomcatWebServer  : Tomcat started on port 8000 (http) with context path '/'
2025-03-19T11:42:48.150+07:00  INFO 3766 --- [crud] [restartedMain] com.mvc.crud.CrudApplication             : Started CrudApplication in 6.689 seconds (process running for 7.413)
2025-03-19T11:43:37.510+07:00  INFO 3766 --- [crud] [SpringApplicationShutdownHook] o.s.b.w.e.tomcat.GracefulShutdown        : Commencing graceful shutdown. Waiting for active requests to complete
2025-03-19T11:43:37.516+07:00  INFO 3766 --- [crud] [tomcat-shutdown] o.s.b.w.e.tomcat.GracefulShutdown        : Graceful shutdown complete
2025-03-19T11:43:37.523+07:00  INFO 3766 --- [crud] [SpringApplicationShutdownHook] j.LocalContainerEntityManagerFactoryBean : Closing JPA EntityManagerFactory for persistence unit 'default'
2025-03-19T11:43:37.530+07:00  INFO 3766 --- [crud] [SpringApplicationShutdownHook] com.zaxxer.hikari.HikariDataSource       : HikariPool-1 - Shutdown initiated...
2025-03-19T11:43:37.542+07:00  INFO 3766 --- [crud] [SpringApplicationShutdownHook] com.zaxxer.hikari.HikariDataSource       : HikariPool-1 - Shutdown completed.
2025-03-19T11:43:40.508+07:00  INFO 3862 --- [crud] [restartedMain] com.mvc.crud.CrudApplication             : Starting CrudApplication using Java 21.0.5 with PID 3862 (/home/tony/Documents/Spring Boot Course/Section 7 - MVC CRUD/target/classes started by tony in /home/tony/Documents/Spring Boot Course/Section 7 - MVC CRUD)
2025-03-19T11:43:40.512+07:00  INFO 3862 --- [crud] [restartedMain] com.mvc.crud.CrudApplication             : No active profile set, falling back to 1 default profile: "default"
2025-03-19T11:43:40.611+07:00  INFO 3862 --- [crud] [restartedMain] .e.DevToolsPropertyDefaultsPostProcessor : Devtools property defaults active! Set 'spring.devtools.add-properties' to 'false' to disable
2025-03-19T11:43:40.612+07:00  INFO 3862 --- [crud] [restartedMain] .e.DevToolsPropertyDefaultsPostProcessor : For additional web related logging consider setting the 'logging.level.web' property to 'DEBUG'
2025-03-19T11:43:41.814+07:00  INFO 3862 --- [crud] [restartedMain] .s.d.r.c.RepositoryConfigurationDelegate : Bootstrapping Spring Data JPA repositories in DEFAULT mode.
2025-03-19T11:43:41.851+07:00  INFO 3862 --- [crud] [restartedMain] .s.d.r.c.RepositoryConfigurationDelegate : Finished Spring Data repository scanning in 20 ms. Found 0 JPA repository interfaces.
2025-03-19T11:43:42.744+07:00  INFO 3862 --- [crud] [restartedMain] o.s.b.w.embedded.tomcat.TomcatWebServer  : Tomcat initialized with port 8000 (http)
2025-03-19T11:43:42.765+07:00  INFO 3862 --- [crud] [restartedMain] o.apache.catalina.core.StandardService   : Starting service [Tomcat]
2025-03-19T11:43:42.765+07:00  INFO 3862 --- [crud] [restartedMain] o.apache.catalina.core.StandardEngine    : Starting Servlet engine: [Apache Tomcat/10.1.36]
2025-03-19T11:43:42.810+07:00  INFO 3862 --- [crud] [restartedMain] o.a.c.c.C.[Tomcat].[localhost].[/]       : Initializing Spring embedded WebApplicationContext
2025-03-19T11:43:42.811+07:00  INFO 3862 --- [crud] [restartedMain] w.s.c.ServletWebServerApplicationContext : Root WebApplicationContext: initialization completed in 2197 ms
2025-03-19T11:43:42.985+07:00  INFO 3862 --- [crud] [restartedMain] com.zaxxer.hikari.HikariDataSource       : HikariPool-1 - Starting...
2025-03-19T11:43:43.537+07:00  INFO 3862 --- [crud] [restartedMain] com.zaxxer.hikari.pool.HikariPool        : HikariPool-1 - Added connection com.mysql.cj.jdbc.ConnectionImpl@7b780ffb
2025-03-19T11:43:43.541+07:00  INFO 3862 --- [crud] [restartedMain] com.zaxxer.hikari.HikariDataSource       : HikariPool-1 - Start completed.
2025-03-19T11:43:44.271+07:00  INFO 3862 --- [crud] [restartedMain] o.s.o.j.p.SpringPersistenceUnitInfo      : No LoadTimeWeaver setup: ignoring JPA class transformer
2025-03-19T11:43:45.344+07:00  INFO 3862 --- [crud] [restartedMain] j.LocalContainerEntityManagerFactoryBean : Initialized JPA EntityManagerFactory for persistence unit 'default'
2025-03-19T11:43:45.534+07:00  WARN 3862 --- [crud] [restartedMain] JpaBaseConfiguration$JpaWebConfiguration : spring.jpa.open-in-view is enabled by default. Therefore, database queries may be performed during view rendering. Explicitly configure spring.jpa.open-in-view to disable this warning
2025-03-19T11:43:45.711+07:00 DEBUG 3862 --- [crud] [restartedMain] s.w.s.m.m.a.RequestMappingHandlerMapping : 7 mappings in 'requestMappingHandlerMapping'
2025-03-19T11:43:45.846+07:00 DEBUG 3862 --- [crud] [restartedMain] o.s.w.s.handler.SimpleUrlHandlerMapping  : Patterns [/webjars/**, /**] in 'resourceHandlerMapping'
2025-03-19T11:43:45.892+07:00 DEBUG 3862 --- [crud] [restartedMain] s.w.s.m.m.a.RequestMappingHandlerAdapter : ControllerAdvice beans: 0 @ModelAttribute, 0 @InitBinder, 1 RequestBodyAdvice, 1 ResponseBodyAdvice
2025-03-19T11:43:45.995+07:00 DEBUG 3862 --- [crud] [restartedMain] .m.m.a.ExceptionHandlerExceptionResolver : ControllerAdvice beans: 0 @ExceptionHandler, 1 ResponseBodyAdvice
2025-03-19T11:43:46.124+07:00  INFO 3862 --- [crud] [restartedMain] o.s.b.d.a.OptionalLiveReloadServer       : LiveReload server is running on port 35729
2025-03-19T11:43:46.159+07:00  INFO 3862 --- [crud] [restartedMain] o.s.b.w.embedded.tomcat.TomcatWebServer  : Tomcat started on port 8000 (http) with context path '/'
2025-03-19T11:43:46.172+07:00  INFO 3862 --- [crud] [restartedMain] com.mvc.crud.CrudApplication             : Started CrudApplication in 6.555 seconds (process running for 7.511)
2025-03-19T11:44:02.590+07:00  INFO 3862 --- [crud] [SpringApplicationShutdownHook] o.s.b.w.e.tomcat.GracefulShutdown        : Commencing graceful shutdown. Waiting for active requests to complete
2025-03-19T11:44:02.594+07:00  INFO 3862 --- [crud] [tomcat-shutdown] o.s.b.w.e.tomcat.GracefulShutdown        : Graceful shutdown complete
2025-03-19T11:44:02.599+07:00  INFO 3862 --- [crud] [SpringApplicationShutdownHook] j.LocalContainerEntityManagerFactoryBean : Closing JPA EntityManagerFactory for persistence unit 'default'
2025-03-19T11:44:02.605+07:00  INFO 3862 --- [crud] [SpringApplicationShutdownHook] com.zaxxer.hikari.HikariDataSource       : HikariPool-1 - Shutdown initiated...
2025-03-19T11:44:02.616+07:00  INFO 3862 --- [crud] [SpringApplicationShutdownHook] com.zaxxer.hikari.HikariDataSource       : HikariPool-1 - Shutdown completed.
2025-03-19T11:44:05.254+07:00  INFO 3960 --- [crud] [restartedMain] com.mvc.crud.CrudApplication             : Starting CrudApplication using Java 21.0.5 with PID 3960 (/home/tony/Documents/Spring Boot Course/Section 7 - MVC CRUD/target/classes started by tony in /home/tony/Documents/Spring Boot Course/Section 7 - MVC CRUD)
2025-03-19T11:44:05.258+07:00  INFO 3960 --- [crud] [restartedMain] com.mvc.crud.CrudApplication             : No active profile set, falling back to 1 default profile: "default"
2025-03-19T11:44:05.339+07:00  INFO 3960 --- [crud] [restartedMain] .e.DevToolsPropertyDefaultsPostProcessor : Devtools property defaults active! Set 'spring.devtools.add-properties' to 'false' to disable
2025-03-19T11:44:05.339+07:00  INFO 3960 --- [crud] [restartedMain] .e.DevToolsPropertyDefaultsPostProcessor : For additional web related logging consider setting the 'logging.level.web' property to 'DEBUG'
2025-03-19T11:44:06.390+07:00  INFO 3960 --- [crud] [restartedMain] .s.d.r.c.RepositoryConfigurationDelegate : Bootstrapping Spring Data JPA repositories in DEFAULT mode.
2025-03-19T11:44:06.425+07:00  INFO 3960 --- [crud] [restartedMain] .s.d.r.c.RepositoryConfigurationDelegate : Finished Spring Data repository scanning in 20 ms. Found 0 JPA repository interfaces.
2025-03-19T11:44:07.237+07:00  INFO 3960 --- [crud] [restartedMain] o.s.b.w.embedded.tomcat.TomcatWebServer  : Tomcat initialized with port 8000 (http)
2025-03-19T11:44:07.259+07:00  INFO 3960 --- [crud] [restartedMain] o.apache.catalina.core.StandardService   : Starting service [Tomcat]
2025-03-19T11:44:07.259+07:00  INFO 3960 --- [crud] [restartedMain] o.apache.catalina.core.StandardEngine    : Starting Servlet engine: [Apache Tomcat/10.1.36]
2025-03-19T11:44:07.303+07:00  INFO 3960 --- [crud] [restartedMain] o.a.c.c.C.[Tomcat].[localhost].[/]       : Initializing Spring embedded WebApplicationContext
2025-03-19T11:44:07.303+07:00  INFO 3960 --- [crud] [restartedMain] w.s.c.ServletWebServerApplicationContext : Root WebApplicationContext: initialization completed in 1963 ms
2025-03-19T11:44:07.481+07:00  INFO 3960 --- [crud] [restartedMain] com.zaxxer.hikari.HikariDataSource       : HikariPool-1 - Starting...
2025-03-19T11:44:07.976+07:00  INFO 3960 --- [crud] [restartedMain] com.zaxxer.hikari.pool.HikariPool        : HikariPool-1 - Added connection com.mysql.cj.jdbc.ConnectionImpl@65ddac98
2025-03-19T11:44:07.980+07:00  INFO 3960 --- [crud] [restartedMain] com.zaxxer.hikari.HikariDataSource       : HikariPool-1 - Start completed.
2025-03-19T11:44:08.548+07:00  INFO 3960 --- [crud] [restartedMain] o.s.o.j.p.SpringPersistenceUnitInfo      : No LoadTimeWeaver setup: ignoring JPA class transformer
2025-03-19T11:44:09.561+07:00  INFO 3960 --- [crud] [restartedMain] j.LocalContainerEntityManagerFactoryBean : Initialized JPA EntityManagerFactory for persistence unit 'default'
2025-03-19T11:44:09.735+07:00  WARN 3960 --- [crud] [restartedMain] JpaBaseConfiguration$JpaWebConfiguration : spring.jpa.open-in-view is enabled by default. Therefore, database queries may be performed during view rendering. Explicitly configure spring.jpa.open-in-view to disable this warning
2025-03-19T11:44:09.909+07:00 DEBUG 3960 --- [crud] [restartedMain] s.w.s.m.m.a.RequestMappingHandlerMapping : 7 mappings in 'requestMappingHandlerMapping'
2025-03-19T11:44:10.109+07:00 DEBUG 3960 --- [crud] [restartedMain] o.s.w.s.handler.SimpleUrlHandlerMapping  : Patterns [/webjars/**, /**] in 'resourceHandlerMapping'
2025-03-19T11:44:10.187+07:00 DEBUG 3960 --- [crud] [restartedMain] s.w.s.m.m.a.RequestMappingHandlerAdapter : ControllerAdvice beans: 0 @ModelAttribute, 0 @InitBinder, 1 RequestBodyAdvice, 1 ResponseBodyAdvice
2025-03-19T11:44:10.308+07:00 DEBUG 3960 --- [crud] [restartedMain] .m.m.a.ExceptionHandlerExceptionResolver : ControllerAdvice beans: 0 @ExceptionHandler, 1 ResponseBodyAdvice
2025-03-19T11:44:10.465+07:00  INFO 3960 --- [crud] [restartedMain] o.s.b.d.a.OptionalLiveReloadServer       : LiveReload server is running on port 35729
2025-03-19T11:44:10.510+07:00  INFO 3960 --- [crud] [restartedMain] o.s.b.w.embedded.tomcat.TomcatWebServer  : Tomcat started on port 8000 (http) with context path '/'
2025-03-19T11:44:10.523+07:00  INFO 3960 --- [crud] [restartedMain] com.mvc.crud.CrudApplication             : Started CrudApplication in 6.121 seconds (process running for 6.982)
2025-03-19T11:44:21.704+07:00  INFO 3960 --- [crud] [http-nio-8000-exec-1] o.a.c.c.C.[Tomcat].[localhost].[/]       : Initializing Spring DispatcherServlet 'dispatcherServlet'
2025-03-19T11:44:21.705+07:00  INFO 3960 --- [crud] [http-nio-8000-exec-1] o.s.web.servlet.DispatcherServlet        : Initializing Servlet 'dispatcherServlet'
2025-03-19T11:44:21.705+07:00 DEBUG 3960 --- [crud] [http-nio-8000-exec-1] o.s.web.servlet.DispatcherServlet        : Detected StandardServletMultipartResolver
2025-03-19T11:44:21.706+07:00 DEBUG 3960 --- [crud] [http-nio-8000-exec-1] o.s.web.servlet.DispatcherServlet        : Detected AcceptHeaderLocaleResolver
2025-03-19T11:44:21.706+07:00 DEBUG 3960 --- [crud] [http-nio-8000-exec-1] o.s.web.servlet.DispatcherServlet        : Detected FixedThemeResolver
2025-03-19T11:44:21.708+07:00 DEBUG 3960 --- [crud] [http-nio-8000-exec-1] o.s.web.servlet.DispatcherServlet        : Detected org.springframework.web.servlet.view.DefaultRequestToViewNameTranslator@3b209b78
2025-03-19T11:44:21.709+07:00 DEBUG 3960 --- [crud] [http-nio-8000-exec-1] o.s.web.servlet.DispatcherServlet        : Detected org.springframework.web.servlet.support.SessionFlashMapManager@3c2cc7e9
2025-03-19T11:44:21.711+07:00 DEBUG 3960 --- [crud] [http-nio-8000-exec-1] o.s.web.servlet.DispatcherServlet        : enableLoggingRequestDetails='false': request parameters and headers will be masked to prevent unsafe logging of potentially sensitive data
2025-03-19T11:44:21.711+07:00  INFO 3960 --- [crud] [http-nio-8000-exec-1] o.s.web.servlet.DispatcherServlet        : Completed initialization in 6 ms
2025-03-19T11:44:21.723+07:00 DEBUG 3960 --- [crud] [http-nio-8000-exec-1] o.s.web.servlet.DispatcherServlet        : GET "/employed", parameters={}
2025-03-19T11:44:21.737+07:00 DEBUG 3960 --- [crud] [http-nio-8000-exec-1] o.s.w.s.handler.SimpleUrlHandlerMapping  : Mapped to ResourceHttpRequestHandler [classpath [META-INF/resources/], classpath [resources/], classpath [static/], classpath [public/], ServletContext [/]]
2025-03-19T11:44:21.800+07:00 DEBUG 3960 --- [crud] [http-nio-8000-exec-1] o.s.w.s.r.ResourceHttpRequestHandler     : Resource not found
2025-03-19T11:44:21.806+07:00 DEBUG 3960 --- [crud] [http-nio-8000-exec-1] .w.s.m.s.DefaultHandlerExceptionResolver : Resolved [org.springframework.web.servlet.resource.NoResourceFoundException: No static resource employed.]
2025-03-19T11:44:21.811+07:00 DEBUG 3960 --- [crud] [http-nio-8000-exec-1] o.s.web.servlet.DispatcherServlet        : Completed 404 NOT_FOUND
2025-03-19T11:44:21.821+07:00 DEBUG 3960 --- [crud] [http-nio-8000-exec-1] o.s.web.servlet.DispatcherServlet        : "ERROR" dispatch for GET "/error", parameters={}
2025-03-19T11:44:21.824+07:00 DEBUG 3960 --- [crud] [http-nio-8000-exec-1] s.w.s.m.m.a.RequestMappingHandlerMapping : Mapped to org.springframework.boot.autoconfigure.web.servlet.error.BasicErrorController#errorHtml(HttpServletRequest, HttpServletResponse)
2025-03-19T11:44:21.870+07:00 DEBUG 3960 --- [crud] [http-nio-8000-exec-1] o.s.w.s.v.ContentNegotiatingViewResolver : Selected 'text/html' given [text/html, text/html;q=0.8]
2025-03-19T11:44:21.882+07:00 DEBUG 3960 --- [crud] [http-nio-8000-exec-1] o.s.web.servlet.DispatcherServlet        : Exiting from "ERROR" dispatch, status 404
2025-03-19T11:44:28.647+07:00 DEBUG 3960 --- [crud] [http-nio-8000-exec-2] o.s.web.servlet.DispatcherServlet        : GET "/", parameters={}
2025-03-19T11:44:28.648+07:00 DEBUG 3960 --- [crud] [http-nio-8000-exec-2] s.w.s.m.m.a.RequestMappingHandlerMapping : Mapped to com.mvc.crud.controller.EmployedController#index(Model)
2025-03-19T11:44:29.064+07:00 DEBUG 3960 --- [crud] [http-nio-8000-exec-2] o.s.w.s.v.ContentNegotiatingViewResolver : Selected 'text/html' given [text/html, application/xhtml+xml, application/xml;q=0.9, */*;q=0.8]
2025-03-19T11:44:29.434+07:00 DEBUG 3960 --- [crud] [http-nio-8000-exec-2] o.s.web.servlet.DispatcherServlet        : Completed 200 OK
2025-03-19T11:47:28.057+07:00 DEBUG 3960 --- [crud] [http-nio-8000-exec-4] o.s.web.servlet.DispatcherServlet        : GET "/employed/edit/1", parameters={}
2025-03-19T11:47:28.058+07:00 DEBUG 3960 --- [crud] [http-nio-8000-exec-4] o.s.w.s.handler.SimpleUrlHandlerMapping  : Mapped to ResourceHttpRequestHandler [classpath [META-INF/resources/], classpath [resources/], classpath [static/], classpath [public/], ServletContext [/]]
2025-03-19T11:47:28.059+07:00 DEBUG 3960 --- [crud] [http-nio-8000-exec-4] o.s.w.s.r.ResourceHttpRequestHandler     : Resource not found
2025-03-19T11:47:28.060+07:00 DEBUG 3960 --- [crud] [http-nio-8000-exec-4] .w.s.m.s.DefaultHandlerExceptionResolver : Resolved [org.springframework.web.servlet.resource.NoResourceFoundException: No static resource employed/edit/1.]
2025-03-19T11:47:28.061+07:00 DEBUG 3960 --- [crud] [http-nio-8000-exec-4] o.s.web.servlet.DispatcherServlet        : Completed 404 NOT_FOUND
2025-03-19T11:47:28.061+07:00 DEBUG 3960 --- [crud] [http-nio-8000-exec-4] o.s.web.servlet.DispatcherServlet        : "ERROR" dispatch for GET "/error", parameters={}
2025-03-19T11:47:28.062+07:00 DEBUG 3960 --- [crud] [http-nio-8000-exec-4] s.w.s.m.m.a.RequestMappingHandlerMapping : Mapped to org.springframework.boot.autoconfigure.web.servlet.error.BasicErrorController#errorHtml(HttpServletRequest, HttpServletResponse)
2025-03-19T11:47:28.067+07:00 DEBUG 3960 --- [crud] [http-nio-8000-exec-4] o.s.w.s.v.ContentNegotiatingViewResolver : Selected 'text/html' given [text/html, text/html;q=0.8]
2025-03-19T11:47:28.069+07:00 DEBUG 3960 --- [crud] [http-nio-8000-exec-4] o.s.web.servlet.DispatcherServlet        : Exiting from "ERROR" dispatch, status 404
2025-03-19T11:47:33.163+07:00 DEBUG 3960 --- [crud] [http-nio-8000-exec-5] o.s.web.servlet.DispatcherServlet        : GET "/employed/edit/1", parameters={}
2025-03-19T11:47:33.164+07:00 DEBUG 3960 --- [crud] [http-nio-8000-exec-5] o.s.w.s.handler.SimpleUrlHandlerMapping  : Mapped to ResourceHttpRequestHandler [classpath [META-INF/resources/], classpath [resources/], classpath [static/], classpath [public/], ServletContext [/]]
2025-03-19T11:47:33.168+07:00 DEBUG 3960 --- [crud] [http-nio-8000-exec-5] o.s.w.s.r.ResourceHttpRequestHandler     : Resource not found
2025-03-19T11:47:33.169+07:00 DEBUG 3960 --- [crud] [http-nio-8000-exec-5] .w.s.m.s.DefaultHandlerExceptionResolver : Resolved [org.springframework.web.servlet.resource.NoResourceFoundException: No static resource employed/edit/1.]
2025-03-19T11:47:33.171+07:00 DEBUG 3960 --- [crud] [http-nio-8000-exec-5] o.s.web.servlet.DispatcherServlet        : Completed 404 NOT_FOUND
2025-03-19T11:47:33.173+07:00 DEBUG 3960 --- [crud] [http-nio-8000-exec-5] o.s.web.servlet.DispatcherServlet        : "ERROR" dispatch for GET "/error", parameters={}
2025-03-19T11:47:33.174+07:00 DEBUG 3960 --- [crud] [http-nio-8000-exec-5] s.w.s.m.m.a.RequestMappingHandlerMapping : Mapped to org.springframework.boot.autoconfigure.web.servlet.error.BasicErrorController#errorHtml(HttpServletRequest, HttpServletResponse)
2025-03-19T11:47:33.182+07:00 DEBUG 3960 --- [crud] [http-nio-8000-exec-5] o.s.w.s.v.ContentNegotiatingViewResolver : Selected 'text/html' given [text/html, text/html;q=0.8]
2025-03-19T11:47:33.185+07:00 DEBUG 3960 --- [crud] [http-nio-8000-exec-5] o.s.web.servlet.DispatcherServlet        : Exiting from "ERROR" dispatch, status 404
2025-03-19T11:50:53.069+07:00  INFO 3960 --- [crud] [SpringApplicationShutdownHook] o.s.b.w.e.tomcat.GracefulShutdown        : Commencing graceful shutdown. Waiting for active requests to complete
2025-03-19T11:50:53.073+07:00  INFO 3960 --- [crud] [tomcat-shutdown] o.s.b.w.e.tomcat.GracefulShutdown        : Graceful shutdown complete
2025-03-19T11:50:53.078+07:00  INFO 3960 --- [crud] [SpringApplicationShutdownHook] j.LocalContainerEntityManagerFactoryBean : Closing JPA EntityManagerFactory for persistence unit 'default'
2025-03-19T11:50:53.082+07:00  INFO 3960 --- [crud] [SpringApplicationShutdownHook] com.zaxxer.hikari.HikariDataSource       : HikariPool-1 - Shutdown initiated...
2025-03-19T11:50:53.091+07:00  INFO 3960 --- [crud] [SpringApplicationShutdownHook] com.zaxxer.hikari.HikariDataSource       : HikariPool-1 - Shutdown completed.
2025-03-19T11:50:56.031+07:00  INFO 4123 --- [crud] [restartedMain] com.mvc.crud.CrudApplication             : Starting CrudApplication using Java 21.0.5 with PID 4123 (/home/tony/Documents/Spring Boot Course/Section 7 - MVC CRUD/target/classes started by tony in /home/tony/Documents/Spring Boot Course/Section 7 - MVC CRUD)
2025-03-19T11:50:56.036+07:00  INFO 4123 --- [crud] [restartedMain] com.mvc.crud.CrudApplication             : No active profile set, falling back to 1 default profile: "default"
2025-03-19T11:50:56.125+07:00  INFO 4123 --- [crud] [restartedMain] .e.DevToolsPropertyDefaultsPostProcessor : Devtools property defaults active! Set 'spring.devtools.add-properties' to 'false' to disable
2025-03-19T11:50:56.126+07:00  INFO 4123 --- [crud] [restartedMain] .e.DevToolsPropertyDefaultsPostProcessor : For additional web related logging consider setting the 'logging.level.web' property to 'DEBUG'
2025-03-19T11:50:57.237+07:00  INFO 4123 --- [crud] [restartedMain] .s.d.r.c.RepositoryConfigurationDelegate : Bootstrapping Spring Data JPA repositories in DEFAULT mode.
2025-03-19T11:50:57.269+07:00  INFO 4123 --- [crud] [restartedMain] .s.d.r.c.RepositoryConfigurationDelegate : Finished Spring Data repository scanning in 19 ms. Found 0 JPA repository interfaces.
2025-03-19T11:50:58.060+07:00  INFO 4123 --- [crud] [restartedMain] o.s.b.w.embedded.tomcat.TomcatWebServer  : Tomcat initialized with port 8000 (http)
2025-03-19T11:50:58.079+07:00  INFO 4123 --- [crud] [restartedMain] o.apache.catalina.core.StandardService   : Starting service [Tomcat]
2025-03-19T11:50:58.080+07:00  INFO 4123 --- [crud] [restartedMain] o.apache.catalina.core.StandardEngine    : Starting Servlet engine: [Apache Tomcat/10.1.36]
2025-03-19T11:50:58.130+07:00  INFO 4123 --- [crud] [restartedMain] o.a.c.c.C.[Tomcat].[localhost].[/]       : Initializing Spring embedded WebApplicationContext
2025-03-19T11:50:58.131+07:00  INFO 4123 --- [crud] [restartedMain] w.s.c.ServletWebServerApplicationContext : Root WebApplicationContext: initialization completed in 2003 ms
2025-03-19T11:50:58.292+07:00  INFO 4123 --- [crud] [restartedMain] com.zaxxer.hikari.HikariDataSource       : HikariPool-1 - Starting...
2025-03-19T11:50:58.744+07:00  INFO 4123 --- [crud] [restartedMain] com.zaxxer.hikari.pool.HikariPool        : HikariPool-1 - Added connection com.mysql.cj.jdbc.ConnectionImpl@65ddac98
2025-03-19T11:50:58.747+07:00  INFO 4123 --- [crud] [restartedMain] com.zaxxer.hikari.HikariDataSource       : HikariPool-1 - Start completed.
2025-03-19T11:50:59.256+07:00  INFO 4123 --- [crud] [restartedMain] o.s.o.j.p.SpringPersistenceUnitInfo      : No LoadTimeWeaver setup: ignoring JPA class transformer
2025-03-19T11:51:00.311+07:00  INFO 4123 --- [crud] [restartedMain] j.LocalContainerEntityManagerFactoryBean : Initialized JPA EntityManagerFactory for persistence unit 'default'
2025-03-19T11:51:00.466+07:00  WARN 4123 --- [crud] [restartedMain] JpaBaseConfiguration$JpaWebConfiguration : spring.jpa.open-in-view is enabled by default. Therefore, database queries may be performed during view rendering. Explicitly configure spring.jpa.open-in-view to disable this warning
2025-03-19T11:51:00.592+07:00 DEBUG 4123 --- [crud] [restartedMain] s.w.s.m.m.a.RequestMappingHandlerMapping : 7 mappings in 'requestMappingHandlerMapping'
2025-03-19T11:51:00.715+07:00 DEBUG 4123 --- [crud] [restartedMain] o.s.w.s.handler.SimpleUrlHandlerMapping  : Patterns [/webjars/**, /**] in 'resourceHandlerMapping'
2025-03-19T11:51:00.760+07:00 DEBUG 4123 --- [crud] [restartedMain] s.w.s.m.m.a.RequestMappingHandlerAdapter : ControllerAdvice beans: 0 @ModelAttribute, 0 @InitBinder, 1 RequestBodyAdvice, 1 ResponseBodyAdvice
2025-03-19T11:51:00.872+07:00 DEBUG 4123 --- [crud] [restartedMain] .m.m.a.ExceptionHandlerExceptionResolver : ControllerAdvice beans: 0 @ExceptionHandler, 1 ResponseBodyAdvice
2025-03-19T11:51:00.990+07:00  INFO 4123 --- [crud] [restartedMain] o.s.b.d.a.OptionalLiveReloadServer       : LiveReload server is running on port 35729
2025-03-19T11:51:01.024+07:00  INFO 4123 --- [crud] [restartedMain] o.s.b.w.embedded.tomcat.TomcatWebServer  : Tomcat started on port 8000 (http) with context path '/'
2025-03-19T11:51:01.036+07:00  INFO 4123 --- [crud] [restartedMain] com.mvc.crud.CrudApplication             : Started CrudApplication in 6.063 seconds (process running for 6.941)
2025-03-19T11:51:16.642+07:00  INFO 4123 --- [crud] [http-nio-8000-exec-1] o.a.c.c.C.[Tomcat].[localhost].[/]       : Initializing Spring DispatcherServlet 'dispatcherServlet'
2025-03-19T11:51:16.643+07:00  INFO 4123 --- [crud] [http-nio-8000-exec-1] o.s.web.servlet.DispatcherServlet        : Initializing Servlet 'dispatcherServlet'
2025-03-19T11:51:16.643+07:00 DEBUG 4123 --- [crud] [http-nio-8000-exec-1] o.s.web.servlet.DispatcherServlet        : Detected StandardServletMultipartResolver
2025-03-19T11:51:16.644+07:00 DEBUG 4123 --- [crud] [http-nio-8000-exec-1] o.s.web.servlet.DispatcherServlet        : Detected AcceptHeaderLocaleResolver
2025-03-19T11:51:16.644+07:00 DEBUG 4123 --- [crud] [http-nio-8000-exec-1] o.s.web.servlet.DispatcherServlet        : Detected FixedThemeResolver
2025-03-19T11:51:16.645+07:00 DEBUG 4123 --- [crud] [http-nio-8000-exec-1] o.s.web.servlet.DispatcherServlet        : Detected org.springframework.web.servlet.view.DefaultRequestToViewNameTranslator@3b209b78
2025-03-19T11:51:16.646+07:00 DEBUG 4123 --- [crud] [http-nio-8000-exec-1] o.s.web.servlet.DispatcherServlet        : Detected org.springframework.web.servlet.support.SessionFlashMapManager@3c2cc7e9
2025-03-19T11:51:16.647+07:00 DEBUG 4123 --- [crud] [http-nio-8000-exec-1] o.s.web.servlet.DispatcherServlet        : enableLoggingRequestDetails='false': request parameters and headers will be masked to prevent unsafe logging of potentially sensitive data
2025-03-19T11:51:16.647+07:00  INFO 4123 --- [crud] [http-nio-8000-exec-1] o.s.web.servlet.DispatcherServlet        : Completed initialization in 4 ms
2025-03-19T11:51:16.660+07:00 DEBUG 4123 --- [crud] [http-nio-8000-exec-1] o.s.web.servlet.DispatcherServlet        : GET "/", parameters={}
2025-03-19T11:51:16.676+07:00 DEBUG 4123 --- [crud] [http-nio-8000-exec-1] s.w.s.m.m.a.RequestMappingHandlerMapping : Mapped to com.mvc.crud.controller.EmployedController#index(Model)
2025-03-19T11:51:17.137+07:00 DEBUG 4123 --- [crud] [http-nio-8000-exec-1] o.s.w.s.v.ContentNegotiatingViewResolver : Selected 'text/html' given [text/html, application/xhtml+xml, application/xml;q=0.9, */*;q=0.8]
2025-03-19T11:51:17.527+07:00 DEBUG 4123 --- [crud] [http-nio-8000-exec-1] o.s.web.servlet.DispatcherServlet        : Completed 200 OK
2025-03-19T11:56:03.454+07:00  INFO 4123 --- [crud] [SpringApplicationShutdownHook] o.s.b.w.e.tomcat.GracefulShutdown        : Commencing graceful shutdown. Waiting for active requests to complete
2025-03-19T11:56:03.458+07:00  INFO 4123 --- [crud] [tomcat-shutdown] o.s.b.w.e.tomcat.GracefulShutdown        : Graceful shutdown complete
2025-03-19T11:56:03.463+07:00  INFO 4123 --- [crud] [SpringApplicationShutdownHook] j.LocalContainerEntityManagerFactoryBean : Closing JPA EntityManagerFactory for persistence unit 'default'
2025-03-19T11:56:03.468+07:00  INFO 4123 --- [crud] [SpringApplicationShutdownHook] com.zaxxer.hikari.HikariDataSource       : HikariPool-1 - Shutdown initiated...
2025-03-19T11:56:03.477+07:00  INFO 4123 --- [crud] [SpringApplicationShutdownHook] com.zaxxer.hikari.HikariDataSource       : HikariPool-1 - Shutdown completed.
2025-03-19T11:56:07.544+07:00  INFO 4234 --- [crud] [restartedMain] com.mvc.crud.CrudApplication             : Starting CrudApplication using Java 21.0.5 with PID 4234 (/home/tony/Documents/Spring Boot Course/Section 7 - MVC CRUD/target/classes started by tony in /home/tony/Documents/Spring Boot Course/Section 7 - MVC CRUD)
2025-03-19T11:56:07.548+07:00  INFO 4234 --- [crud] [restartedMain] com.mvc.crud.CrudApplication             : No active profile set, falling back to 1 default profile: "default"
2025-03-19T11:56:07.642+07:00  INFO 4234 --- [crud] [restartedMain] .e.DevToolsPropertyDefaultsPostProcessor : Devtools property defaults active! Set 'spring.devtools.add-properties' to 'false' to disable
2025-03-19T11:56:07.643+07:00  INFO 4234 --- [crud] [restartedMain] .e.DevToolsPropertyDefaultsPostProcessor : For additional web related logging consider setting the 'logging.level.web' property to 'DEBUG'
2025-03-19T11:56:08.648+07:00  INFO 4234 --- [crud] [restartedMain] .s.d.r.c.RepositoryConfigurationDelegate : Bootstrapping Spring Data JPA repositories in DEFAULT mode.
2025-03-19T11:56:08.683+07:00  INFO 4234 --- [crud] [restartedMain] .s.d.r.c.RepositoryConfigurationDelegate : Finished Spring Data repository scanning in 20 ms. Found 0 JPA repository interfaces.
2025-03-19T11:56:09.458+07:00  INFO 4234 --- [crud] [restartedMain] o.s.b.w.embedded.tomcat.TomcatWebServer  : Tomcat initialized with port 8000 (http)
2025-03-19T11:56:09.477+07:00  INFO 4234 --- [crud] [restartedMain] o.apache.catalina.core.StandardService   : Starting service [Tomcat]
2025-03-19T11:56:09.477+07:00  INFO 4234 --- [crud] [restartedMain] o.apache.catalina.core.StandardEngine    : Starting Servlet engine: [Apache Tomcat/10.1.36]
2025-03-19T11:56:09.518+07:00  INFO 4234 --- [crud] [restartedMain] o.a.c.c.C.[Tomcat].[localhost].[/]       : Initializing Spring embedded WebApplicationContext
2025-03-19T11:56:09.519+07:00  INFO 4234 --- [crud] [restartedMain] w.s.c.ServletWebServerApplicationContext : Root WebApplicationContext: initialization completed in 1874 ms
2025-03-19T11:56:09.702+07:00  INFO 4234 --- [crud] [restartedMain] com.zaxxer.hikari.HikariDataSource       : HikariPool-1 - Starting...
2025-03-19T11:56:10.151+07:00  INFO 4234 --- [crud] [restartedMain] com.zaxxer.hikari.pool.HikariPool        : HikariPool-1 - Added connection com.mysql.cj.jdbc.ConnectionImpl@140a7dfa
2025-03-19T11:56:10.155+07:00  INFO 4234 --- [crud] [restartedMain] com.zaxxer.hikari.HikariDataSource       : HikariPool-1 - Start completed.
2025-03-19T11:56:10.686+07:00  INFO 4234 --- [crud] [restartedMain] o.s.o.j.p.SpringPersistenceUnitInfo      : No LoadTimeWeaver setup: ignoring JPA class transformer
2025-03-19T11:56:11.735+07:00  INFO 4234 --- [crud] [restartedMain] j.LocalContainerEntityManagerFactoryBean : Initialized JPA EntityManagerFactory for persistence unit 'default'
2025-03-19T11:56:11.899+07:00  WARN 4234 --- [crud] [restartedMain] JpaBaseConfiguration$JpaWebConfiguration : spring.jpa.open-in-view is enabled by default. Therefore, database queries may be performed during view rendering. Explicitly configure spring.jpa.open-in-view to disable this warning
2025-03-19T11:56:12.042+07:00 DEBUG 4234 --- [crud] [restartedMain] s.w.s.m.m.a.RequestMappingHandlerMapping : 7 mappings in 'requestMappingHandlerMapping'
2025-03-19T11:56:12.180+07:00 DEBUG 4234 --- [crud] [restartedMain] o.s.w.s.handler.SimpleUrlHandlerMapping  : Patterns [/webjars/**, /**] in 'resourceHandlerMapping'
2025-03-19T11:56:12.226+07:00 DEBUG 4234 --- [crud] [restartedMain] s.w.s.m.m.a.RequestMappingHandlerAdapter : ControllerAdvice beans: 0 @ModelAttribute, 0 @InitBinder, 1 RequestBodyAdvice, 1 ResponseBodyAdvice
2025-03-19T11:56:12.330+07:00 DEBUG 4234 --- [crud] [restartedMain] .m.m.a.ExceptionHandlerExceptionResolver : ControllerAdvice beans: 0 @ExceptionHandler, 1 ResponseBodyAdvice
2025-03-19T11:56:12.454+07:00  INFO 4234 --- [crud] [restartedMain] o.s.b.d.a.OptionalLiveReloadServer       : LiveReload server is running on port 35729
2025-03-19T11:56:12.488+07:00  INFO 4234 --- [crud] [restartedMain] o.s.b.w.embedded.tomcat.TomcatWebServer  : Tomcat started on port 8000 (http) with context path '/'
2025-03-19T11:56:12.501+07:00  INFO 4234 --- [crud] [restartedMain] com.mvc.crud.CrudApplication             : Started CrudApplication in 5.81 seconds (process running for 6.486)
2025-03-19T12:04:37.336+07:00  INFO 4234 --- [crud] [SpringApplicationShutdownHook] o.s.b.w.e.tomcat.GracefulShutdown        : Commencing graceful shutdown. Waiting for active requests to complete
2025-03-19T12:04:37.340+07:00  INFO 4234 --- [crud] [tomcat-shutdown] o.s.b.w.e.tomcat.GracefulShutdown        : Graceful shutdown complete
2025-03-19T12:04:37.345+07:00  INFO 4234 --- [crud] [SpringApplicationShutdownHook] j.LocalContainerEntityManagerFactoryBean : Closing JPA EntityManagerFactory for persistence unit 'default'
2025-03-19T12:04:37.349+07:00  INFO 4234 --- [crud] [SpringApplicationShutdownHook] com.zaxxer.hikari.HikariDataSource       : HikariPool-1 - Shutdown initiated...
2025-03-19T12:04:37.357+07:00  INFO 4234 --- [crud] [SpringApplicationShutdownHook] com.zaxxer.hikari.HikariDataSource       : HikariPool-1 - Shutdown completed.
2025-03-19T12:04:41.649+07:00  INFO 4353 --- [crud] [restartedMain] com.mvc.crud.CrudApplication             : Starting CrudApplication using Java 21.0.5 with PID 4353 (/home/tony/Documents/Spring Boot Course/Section 7 - MVC CRUD/target/classes started by tony in /home/tony/Documents/Spring Boot Course/Section 7 - MVC CRUD)
2025-03-19T12:04:41.655+07:00  INFO 4353 --- [crud] [restartedMain] com.mvc.crud.CrudApplication             : No active profile set, falling back to 1 default profile: "default"
2025-03-19T12:04:41.764+07:00  INFO 4353 --- [crud] [restartedMain] .e.DevToolsPropertyDefaultsPostProcessor : Devtools property defaults active! Set 'spring.devtools.add-properties' to 'false' to disable
2025-03-19T12:04:41.766+07:00  INFO 4353 --- [crud] [restartedMain] .e.DevToolsPropertyDefaultsPostProcessor : For additional web related logging consider setting the 'logging.level.web' property to 'DEBUG'
2025-03-19T12:04:42.984+07:00  INFO 4353 --- [crud] [restartedMain] .s.d.r.c.RepositoryConfigurationDelegate : Bootstrapping Spring Data JPA repositories in DEFAULT mode.
2025-03-19T12:04:43.016+07:00  INFO 4353 --- [crud] [restartedMain] .s.d.r.c.RepositoryConfigurationDelegate : Finished Spring Data repository scanning in 19 ms. Found 0 JPA repository interfaces.
2025-03-19T12:04:44.001+07:00  INFO 4353 --- [crud] [restartedMain] o.s.b.w.embedded.tomcat.TomcatWebServer  : Tomcat initialized with port 8000 (http)
2025-03-19T12:04:44.024+07:00  INFO 4353 --- [crud] [restartedMain] o.apache.catalina.core.StandardService   : Starting service [Tomcat]
2025-03-19T12:04:44.025+07:00  INFO 4353 --- [crud] [restartedMain] o.apache.catalina.core.StandardEngine    : Starting Servlet engine: [Apache Tomcat/10.1.36]
2025-03-19T12:04:44.076+07:00  INFO 4353 --- [crud] [restartedMain] o.a.c.c.C.[Tomcat].[localhost].[/]       : Initializing Spring embedded WebApplicationContext
2025-03-19T12:04:44.077+07:00  INFO 4353 --- [crud] [restartedMain] w.s.c.ServletWebServerApplicationContext : Root WebApplicationContext: initialization completed in 2309 ms
2025-03-19T12:04:44.267+07:00  INFO 4353 --- [crud] [restartedMain] com.zaxxer.hikari.HikariDataSource       : HikariPool-1 - Starting...
2025-03-19T12:04:44.785+07:00  INFO 4353 --- [crud] [restartedMain] com.zaxxer.hikari.pool.HikariPool        : HikariPool-1 - Added connection com.mysql.cj.jdbc.ConnectionImpl@10af0b4d
2025-03-19T12:04:44.789+07:00  INFO 4353 --- [crud] [restartedMain] com.zaxxer.hikari.HikariDataSource       : HikariPool-1 - Start completed.
2025-03-19T12:04:45.356+07:00  INFO 4353 --- [crud] [restartedMain] o.s.o.j.p.SpringPersistenceUnitInfo      : No LoadTimeWeaver setup: ignoring JPA class transformer
2025-03-19T12:04:46.661+07:00  INFO 4353 --- [crud] [restartedMain] j.LocalContainerEntityManagerFactoryBean : Initialized JPA EntityManagerFactory for persistence unit 'default'
2025-03-19T12:04:46.891+07:00  WARN 4353 --- [crud] [restartedMain] JpaBaseConfiguration$JpaWebConfiguration : spring.jpa.open-in-view is enabled by default. Therefore, database queries may be performed during view rendering. Explicitly configure spring.jpa.open-in-view to disable this warning
2025-03-19T12:04:47.064+07:00 DEBUG 4353 --- [crud] [restartedMain] s.w.s.m.m.a.RequestMappingHandlerMapping : 7 mappings in 'requestMappingHandlerMapping'
2025-03-19T12:04:47.233+07:00 DEBUG 4353 --- [crud] [restartedMain] o.s.w.s.handler.SimpleUrlHandlerMapping  : Patterns [/webjars/**, /**] in 'resourceHandlerMapping'
2025-03-19T12:04:47.306+07:00 DEBUG 4353 --- [crud] [restartedMain] s.w.s.m.m.a.RequestMappingHandlerAdapter : ControllerAdvice beans: 0 @ModelAttribute, 0 @InitBinder, 1 RequestBodyAdvice, 1 ResponseBodyAdvice
2025-03-19T12:04:47.465+07:00 DEBUG 4353 --- [crud] [restartedMain] .m.m.a.ExceptionHandlerExceptionResolver : ControllerAdvice beans: 0 @ExceptionHandler, 1 ResponseBodyAdvice
2025-03-19T12:04:47.586+07:00  INFO 4353 --- [crud] [restartedMain] o.s.b.d.a.OptionalLiveReloadServer       : LiveReload server is running on port 35729
2025-03-19T12:04:47.622+07:00  INFO 4353 --- [crud] [restartedMain] o.s.b.w.embedded.tomcat.TomcatWebServer  : Tomcat started on port 8000 (http) with context path '/'
2025-03-19T12:04:47.634+07:00  INFO 4353 --- [crud] [restartedMain] com.mvc.crud.CrudApplication             : Started CrudApplication in 6.858 seconds (process running for 7.638)
2025-03-19T12:05:17.109+07:00  INFO 4353 --- [crud] [SpringApplicationShutdownHook] o.s.b.w.e.tomcat.GracefulShutdown        : Commencing graceful shutdown. Waiting for active requests to complete
2025-03-19T12:05:17.113+07:00  INFO 4353 --- [crud] [tomcat-shutdown] o.s.b.w.e.tomcat.GracefulShutdown        : Graceful shutdown complete
2025-03-19T12:05:17.119+07:00  INFO 4353 --- [crud] [SpringApplicationShutdownHook] j.LocalContainerEntityManagerFactoryBean : Closing JPA EntityManagerFactory for persistence unit 'default'
2025-03-19T12:05:17.125+07:00  INFO 4353 --- [crud] [SpringApplicationShutdownHook] com.zaxxer.hikari.HikariDataSource       : HikariPool-1 - Shutdown initiated...
2025-03-19T12:05:17.136+07:00  INFO 4353 --- [crud] [SpringApplicationShutdownHook] com.zaxxer.hikari.HikariDataSource       : HikariPool-1 - Shutdown completed.
2025-03-19T12:05:19.794+07:00  INFO 4443 --- [crud] [restartedMain] com.mvc.crud.CrudApplication             : Starting CrudApplication using Java 21.0.5 with PID 4443 (/home/tony/Documents/Spring Boot Course/Section 7 - MVC CRUD/target/classes started by tony in /home/tony/Documents/Spring Boot Course/Section 7 - MVC CRUD)
2025-03-19T12:05:19.798+07:00  INFO 4443 --- [crud] [restartedMain] com.mvc.crud.CrudApplication             : No active profile set, falling back to 1 default profile: "default"
2025-03-19T12:05:19.907+07:00  INFO 4443 --- [crud] [restartedMain] .e.DevToolsPropertyDefaultsPostProcessor : Devtools property defaults active! Set 'spring.devtools.add-properties' to 'false' to disable
2025-03-19T12:05:19.908+07:00  INFO 4443 --- [crud] [restartedMain] .e.DevToolsPropertyDefaultsPostProcessor : For additional web related logging consider setting the 'logging.level.web' property to 'DEBUG'
2025-03-19T12:05:20.977+07:00  INFO 4443 --- [crud] [restartedMain] .s.d.r.c.RepositoryConfigurationDelegate : Bootstrapping Spring Data JPA repositories in DEFAULT mode.
2025-03-19T12:05:21.009+07:00  INFO 4443 --- [crud] [restartedMain] .s.d.r.c.RepositoryConfigurationDelegate : Finished Spring Data repository scanning in 18 ms. Found 0 JPA repository interfaces.
2025-03-19T12:05:21.820+07:00  INFO 4443 --- [crud] [restartedMain] o.s.b.w.embedded.tomcat.TomcatWebServer  : Tomcat initialized with port 8000 (http)
2025-03-19T12:05:21.845+07:00  INFO 4443 --- [crud] [restartedMain] o.apache.catalina.core.StandardService   : Starting service [Tomcat]
2025-03-19T12:05:21.846+07:00  INFO 4443 --- [crud] [restartedMain] o.apache.catalina.core.StandardEngine    : Starting Servlet engine: [Apache Tomcat/10.1.36]
2025-03-19T12:05:21.895+07:00  INFO 4443 --- [crud] [restartedMain] o.a.c.c.C.[Tomcat].[localhost].[/]       : Initializing Spring embedded WebApplicationContext
2025-03-19T12:05:21.896+07:00  INFO 4443 --- [crud] [restartedMain] w.s.c.ServletWebServerApplicationContext : Root WebApplicationContext: initialization completed in 1987 ms
2025-03-19T12:05:22.088+07:00  INFO 4443 --- [crud] [restartedMain] com.zaxxer.hikari.HikariDataSource       : HikariPool-1 - Starting...
2025-03-19T12:05:22.580+07:00  INFO 4443 --- [crud] [restartedMain] com.zaxxer.hikari.pool.HikariPool        : HikariPool-1 - Added connection com.mysql.cj.jdbc.ConnectionImpl@30b1f483
2025-03-19T12:05:22.584+07:00  INFO 4443 --- [crud] [restartedMain] com.zaxxer.hikari.HikariDataSource       : HikariPool-1 - Start completed.
2025-03-19T12:05:23.117+07:00  INFO 4443 --- [crud] [restartedMain] o.s.o.j.p.SpringPersistenceUnitInfo      : No LoadTimeWeaver setup: ignoring JPA class transformer
2025-03-19T12:05:24.147+07:00  INFO 4443 --- [crud] [restartedMain] j.LocalContainerEntityManagerFactoryBean : Initialized JPA EntityManagerFactory for persistence unit 'default'
2025-03-19T12:05:24.311+07:00  WARN 4443 --- [crud] [restartedMain] JpaBaseConfiguration$JpaWebConfiguration : spring.jpa.open-in-view is enabled by default. Therefore, database queries may be performed during view rendering. Explicitly configure spring.jpa.open-in-view to disable this warning
2025-03-19T12:05:24.463+07:00 DEBUG 4443 --- [crud] [restartedMain] s.w.s.m.m.a.RequestMappingHandlerMapping : 7 mappings in 'requestMappingHandlerMapping'
2025-03-19T12:05:24.573+07:00 DEBUG 4443 --- [crud] [restartedMain] o.s.w.s.handler.SimpleUrlHandlerMapping  : Patterns [/webjars/**, /**] in 'resourceHandlerMapping'
2025-03-19T12:05:24.616+07:00 DEBUG 4443 --- [crud] [restartedMain] s.w.s.m.m.a.RequestMappingHandlerAdapter : ControllerAdvice beans: 0 @ModelAttribute, 0 @InitBinder, 1 RequestBodyAdvice, 1 ResponseBodyAdvice
2025-03-19T12:05:24.716+07:00 DEBUG 4443 --- [crud] [restartedMain] .m.m.a.ExceptionHandlerExceptionResolver : ControllerAdvice beans: 0 @ExceptionHandler, 1 ResponseBodyAdvice
2025-03-19T12:05:24.845+07:00  INFO 4443 --- [crud] [restartedMain] o.s.b.d.a.OptionalLiveReloadServer       : LiveReload server is running on port 35729
2025-03-19T12:05:24.881+07:00  INFO 4443 --- [crud] [restartedMain] o.s.b.w.embedded.tomcat.TomcatWebServer  : Tomcat started on port 8000 (http) with context path '/'
2025-03-19T12:05:24.894+07:00  INFO 4443 --- [crud] [restartedMain] com.mvc.crud.CrudApplication             : Started CrudApplication in 5.927 seconds (process running for 6.778)
2025-03-19T12:05:30.446+07:00  INFO 4443 --- [crud] [http-nio-8000-exec-1] o.a.c.c.C.[Tomcat].[localhost].[/]       : Initializing Spring DispatcherServlet 'dispatcherServlet'
2025-03-19T12:05:30.446+07:00  INFO 4443 --- [crud] [http-nio-8000-exec-1] o.s.web.servlet.DispatcherServlet        : Initializing Servlet 'dispatcherServlet'
2025-03-19T12:05:30.447+07:00 DEBUG 4443 --- [crud] [http-nio-8000-exec-1] o.s.web.servlet.DispatcherServlet        : Detected StandardServletMultipartResolver
2025-03-19T12:05:30.447+07:00 DEBUG 4443 --- [crud] [http-nio-8000-exec-1] o.s.web.servlet.DispatcherServlet        : Detected AcceptHeaderLocaleResolver
2025-03-19T12:05:30.447+07:00 DEBUG 4443 --- [crud] [http-nio-8000-exec-1] o.s.web.servlet.DispatcherServlet        : Detected FixedThemeResolver
2025-03-19T12:05:30.448+07:00 DEBUG 4443 --- [crud] [http-nio-8000-exec-1] o.s.web.servlet.DispatcherServlet        : Detected org.springframework.web.servlet.view.DefaultRequestToViewNameTranslator@6e54661f
2025-03-19T12:05:30.449+07:00 DEBUG 4443 --- [crud] [http-nio-8000-exec-1] o.s.web.servlet.DispatcherServlet        : Detected org.springframework.web.servlet.support.SessionFlashMapManager@6d58e701
2025-03-19T12:05:30.450+07:00 DEBUG 4443 --- [crud] [http-nio-8000-exec-1] o.s.web.servlet.DispatcherServlet        : enableLoggingRequestDetails='false': request parameters and headers will be masked to prevent unsafe logging of potentially sensitive data
2025-03-19T12:05:30.450+07:00  INFO 4443 --- [crud] [http-nio-8000-exec-1] o.s.web.servlet.DispatcherServlet        : Completed initialization in 4 ms
2025-03-19T12:05:30.466+07:00 DEBUG 4443 --- [crud] [http-nio-8000-exec-1] o.s.web.servlet.DispatcherServlet        : GET "/", parameters={}
2025-03-19T12:05:30.482+07:00 DEBUG 4443 --- [crud] [http-nio-8000-exec-1] s.w.s.m.m.a.RequestMappingHandlerMapping : Mapped to com.mvc.crud.controller.EmployedController#index(Model)
2025-03-19T12:05:31.001+07:00 DEBUG 4443 --- [crud] [http-nio-8000-exec-1] o.s.w.s.v.ContentNegotiatingViewResolver : Selected 'text/html' given [text/html, application/xhtml+xml, application/xml;q=0.9, */*;q=0.8]
2025-03-19T12:05:31.367+07:00 DEBUG 4443 --- [crud] [http-nio-8000-exec-1] o.s.web.servlet.DispatcherServlet        : Completed 200 OK
2025-03-19T12:05:59.742+07:00  INFO 4443 --- [crud] [SpringApplicationShutdownHook] o.s.b.w.e.tomcat.GracefulShutdown        : Commencing graceful shutdown. Waiting for active requests to complete
2025-03-19T12:05:59.745+07:00  INFO 4443 --- [crud] [tomcat-shutdown] o.s.b.w.e.tomcat.GracefulShutdown        : Graceful shutdown complete
2025-03-19T12:05:59.750+07:00  INFO 4443 --- [crud] [SpringApplicationShutdownHook] j.LocalContainerEntityManagerFactoryBean : Closing JPA EntityManagerFactory for persistence unit 'default'
2025-03-19T12:05:59.755+07:00  INFO 4443 --- [crud] [SpringApplicationShutdownHook] com.zaxxer.hikari.HikariDataSource       : HikariPool-1 - Shutdown initiated...
2025-03-19T12:05:59.767+07:00  INFO 4443 --- [crud] [SpringApplicationShutdownHook] com.zaxxer.hikari.HikariDataSource       : HikariPool-1 - Shutdown completed.
2025-03-19T12:06:03.079+07:00  INFO 4539 --- [crud] [restartedMain] com.mvc.crud.CrudApplication             : Starting CrudApplication using Java 21.0.5 with PID 4539 (/home/tony/Documents/Spring Boot Course/Section 7 - MVC CRUD/target/classes started by tony in /home/tony/Documents/Spring Boot Course/Section 7 - MVC CRUD)
2025-03-19T12:06:03.084+07:00  INFO 4539 --- [crud] [restartedMain] com.mvc.crud.CrudApplication             : No active profile set, falling back to 1 default profile: "default"
2025-03-19T12:06:03.189+07:00  INFO 4539 --- [crud] [restartedMain] .e.DevToolsPropertyDefaultsPostProcessor : Devtools property defaults active! Set 'spring.devtools.add-properties' to 'false' to disable
2025-03-19T12:06:03.190+07:00  INFO 4539 --- [crud] [restartedMain] .e.DevToolsPropertyDefaultsPostProcessor : For additional web related logging consider setting the 'logging.level.web' property to 'DEBUG'
2025-03-19T12:06:04.219+07:00  INFO 4539 --- [crud] [restartedMain] .s.d.r.c.RepositoryConfigurationDelegate : Bootstrapping Spring Data JPA repositories in DEFAULT mode.
2025-03-19T12:06:04.250+07:00  INFO 4539 --- [crud] [restartedMain] .s.d.r.c.RepositoryConfigurationDelegate : Finished Spring Data repository scanning in 18 ms. Found 0 JPA repository interfaces.
2025-03-19T12:06:05.016+07:00  INFO 4539 --- [crud] [restartedMain] o.s.b.w.embedded.tomcat.TomcatWebServer  : Tomcat initialized with port 8000 (http)
2025-03-19T12:06:05.036+07:00  INFO 4539 --- [crud] [restartedMain] o.apache.catalina.core.StandardService   : Starting service [Tomcat]
2025-03-19T12:06:05.036+07:00  INFO 4539 --- [crud] [restartedMain] o.apache.catalina.core.StandardEngine    : Starting Servlet engine: [Apache Tomcat/10.1.36]
2025-03-19T12:06:05.079+07:00  INFO 4539 --- [crud] [restartedMain] o.a.c.c.C.[Tomcat].[localhost].[/]       : Initializing Spring embedded WebApplicationContext
2025-03-19T12:06:05.080+07:00  INFO 4539 --- [crud] [restartedMain] w.s.c.ServletWebServerApplicationContext : Root WebApplicationContext: initialization completed in 1888 ms
2025-03-19T12:06:05.239+07:00  INFO 4539 --- [crud] [restartedMain] com.zaxxer.hikari.HikariDataSource       : HikariPool-1 - Starting...
2025-03-19T12:06:05.744+07:00  INFO 4539 --- [crud] [restartedMain] com.zaxxer.hikari.pool.HikariPool        : HikariPool-1 - Added connection com.mysql.cj.jdbc.ConnectionImpl@2607f547
2025-03-19T12:06:05.747+07:00  INFO 4539 --- [crud] [restartedMain] com.zaxxer.hikari.HikariDataSource       : HikariPool-1 - Start completed.
2025-03-19T12:06:06.258+07:00  INFO 4539 --- [crud] [restartedMain] o.s.o.j.p.SpringPersistenceUnitInfo      : No LoadTimeWeaver setup: ignoring JPA class transformer
2025-03-19T12:06:07.288+07:00  INFO 4539 --- [crud] [restartedMain] j.LocalContainerEntityManagerFactoryBean : Initialized JPA EntityManagerFactory for persistence unit 'default'
2025-03-19T12:06:07.511+07:00  WARN 4539 --- [crud] [restartedMain] JpaBaseConfiguration$JpaWebConfiguration : spring.jpa.open-in-view is enabled by default. Therefore, database queries may be performed during view rendering. Explicitly configure spring.jpa.open-in-view to disable this warning
2025-03-19T12:06:07.651+07:00 DEBUG 4539 --- [crud] [restartedMain] s.w.s.m.m.a.RequestMappingHandlerMapping : 7 mappings in 'requestMappingHandlerMapping'
2025-03-19T12:06:07.774+07:00 DEBUG 4539 --- [crud] [restartedMain] o.s.w.s.handler.SimpleUrlHandlerMapping  : Patterns [/webjars/**, /**] in 'resourceHandlerMapping'
2025-03-19T12:06:07.819+07:00 DEBUG 4539 --- [crud] [restartedMain] s.w.s.m.m.a.RequestMappingHandlerAdapter : ControllerAdvice beans: 0 @ModelAttribute, 0 @InitBinder, 1 RequestBodyAdvice, 1 ResponseBodyAdvice
2025-03-19T12:06:07.924+07:00 DEBUG 4539 --- [crud] [restartedMain] .m.m.a.ExceptionHandlerExceptionResolver : ControllerAdvice beans: 0 @ExceptionHandler, 1 ResponseBodyAdvice
2025-03-19T12:06:08.052+07:00  INFO 4539 --- [crud] [restartedMain] o.s.b.d.a.OptionalLiveReloadServer       : LiveReload server is running on port 35729
2025-03-19T12:06:08.086+07:00  INFO 4539 --- [crud] [restartedMain] o.s.b.w.embedded.tomcat.TomcatWebServer  : Tomcat started on port 8000 (http) with context path '/'
2025-03-19T12:06:08.099+07:00  INFO 4539 --- [crud] [restartedMain] com.mvc.crud.CrudApplication             : Started CrudApplication in 6.29 seconds (process running for 7.372)
2025-03-19T12:06:08.322+07:00  INFO 4539 --- [crud] [http-nio-8000-exec-1] o.a.c.c.C.[Tomcat].[localhost].[/]       : Initializing Spring DispatcherServlet 'dispatcherServlet'
2025-03-19T12:06:08.323+07:00  INFO 4539 --- [crud] [http-nio-8000-exec-1] o.s.web.servlet.DispatcherServlet        : Initializing Servlet 'dispatcherServlet'
2025-03-19T12:06:08.324+07:00 DEBUG 4539 --- [crud] [http-nio-8000-exec-1] o.s.web.servlet.DispatcherServlet        : Detected StandardServletMultipartResolver
2025-03-19T12:06:08.325+07:00 DEBUG 4539 --- [crud] [http-nio-8000-exec-1] o.s.web.servlet.DispatcherServlet        : Detected AcceptHeaderLocaleResolver
2025-03-19T12:06:08.325+07:00 DEBUG 4539 --- [crud] [http-nio-8000-exec-1] o.s.web.servlet.DispatcherServlet        : Detected FixedThemeResolver
2025-03-19T12:06:08.327+07:00 DEBUG 4539 --- [crud] [http-nio-8000-exec-1] o.s.web.servlet.DispatcherServlet        : Detected org.springframework.web.servlet.view.DefaultRequestToViewNameTranslator@4184c283
2025-03-19T12:06:08.327+07:00 DEBUG 4539 --- [crud] [http-nio-8000-exec-1] o.s.web.servlet.DispatcherServlet        : Detected org.springframework.web.servlet.support.SessionFlashMapManager@165039cb
2025-03-19T12:06:08.328+07:00 DEBUG 4539 --- [crud] [http-nio-8000-exec-1] o.s.web.servlet.DispatcherServlet        : enableLoggingRequestDetails='false': request parameters and headers will be masked to prevent unsafe logging of potentially sensitive data
2025-03-19T12:06:08.328+07:00  INFO 4539 --- [crud] [http-nio-8000-exec-1] o.s.web.servlet.DispatcherServlet        : Completed initialization in 4 ms
2025-03-19T12:06:08.343+07:00 DEBUG 4539 --- [crud] [http-nio-8000-exec-1] o.s.web.servlet.DispatcherServlet        : GET "/", parameters={}
2025-03-19T12:06:08.361+07:00 DEBUG 4539 --- [crud] [http-nio-8000-exec-1] s.w.s.m.m.a.RequestMappingHandlerMapping : Mapped to com.mvc.crud.controller.EmployedController#index(Model)
2025-03-19T12:06:08.813+07:00 DEBUG 4539 --- [crud] [http-nio-8000-exec-1] o.s.w.s.v.ContentNegotiatingViewResolver : Selected 'text/html' given [text/html, application/xhtml+xml, application/xml;q=0.9, */*;q=0.8]
2025-03-19T12:06:09.156+07:00 DEBUG 4539 --- [crud] [http-nio-8000-exec-1] o.s.web.servlet.DispatcherServlet        : Completed 200 OK
2025-03-19T12:06:09.220+07:00 DEBUG 4539 --- [crud] [http-nio-8000-exec-2] o.s.web.servlet.DispatcherServlet        : GET "/favicon.ico", parameters={}
2025-03-19T12:06:09.226+07:00 DEBUG 4539 --- [crud] [http-nio-8000-exec-2] o.s.w.s.handler.SimpleUrlHandlerMapping  : Mapped to ResourceHttpRequestHandler [classpath [META-INF/resources/], classpath [resources/], classpath [static/], classpath [public/], ServletContext [/]]
2025-03-19T12:06:09.230+07:00 DEBUG 4539 --- [crud] [http-nio-8000-exec-2] o.s.w.s.r.ResourceHttpRequestHandler     : Resource not found
2025-03-19T12:06:09.236+07:00 DEBUG 4539 --- [crud] [http-nio-8000-exec-2] .w.s.m.s.DefaultHandlerExceptionResolver : Resolved [org.springframework.web.servlet.resource.NoResourceFoundException: No static resource favicon.ico.]
2025-03-19T12:06:09.237+07:00 DEBUG 4539 --- [crud] [http-nio-8000-exec-2] o.s.web.servlet.DispatcherServlet        : Completed 404 NOT_FOUND
2025-03-19T12:06:09.246+07:00 DEBUG 4539 --- [crud] [http-nio-8000-exec-2] o.s.web.servlet.DispatcherServlet        : "ERROR" dispatch for GET "/error", parameters={}
2025-03-19T12:06:09.248+07:00 DEBUG 4539 --- [crud] [http-nio-8000-exec-2] s.w.s.m.m.a.RequestMappingHandlerMapping : Mapped to org.springframework.boot.autoconfigure.web.servlet.error.BasicErrorController#error(HttpServletRequest)
2025-03-19T12:06:09.272+07:00 DEBUG 4539 --- [crud] [http-nio-8000-exec-2] o.s.w.s.m.m.a.HttpEntityMethodProcessor  : Using 'application/json;q=0.5', given [image/avif, image/webp, image/png, image/svg+xml, image/*;q=0.8, */*;q=0.5] and supported [application/json, application/*+json]
2025-03-19T12:06:09.275+07:00 DEBUG 4539 --- [crud] [http-nio-8000-exec-2] o.s.w.s.m.m.a.HttpEntityMethodProcessor  : Writing [{timestamp=Wed Mar 19 12:06:09 WIB 2025, status=404, error=Not Found, trace=org.springframework.web. (truncated)...]
2025-03-19T12:06:09.328+07:00 DEBUG 4539 --- [crud] [http-nio-8000-exec-2] o.s.web.servlet.DispatcherServlet        : Exiting from "ERROR" dispatch, status 404
2025-03-19T12:06:32.455+07:00 DEBUG 4539 --- [crud] [http-nio-8000-exec-3] o.s.web.servlet.DispatcherServlet        : POST "/save", parameters={masked}
2025-03-19T12:06:32.456+07:00 DEBUG 4539 --- [crud] [http-nio-8000-exec-3] s.w.s.m.m.a.RequestMappingHandlerMapping : Mapped to com.mvc.crud.controller.EmployedController#save(Employed, BindingResult, Model)
2025-03-19T12:06:32.606+07:00 DEBUG 4539 --- [crud] [http-nio-8000-exec-3] o.s.web.servlet.view.RedirectView        : View name [redirect:], model {}
2025-03-19T12:06:32.607+07:00 DEBUG 4539 --- [crud] [http-nio-8000-exec-3] o.s.web.servlet.DispatcherServlet        : Completed 302 FOUND
2025-03-19T12:06:32.617+07:00 DEBUG 4539 --- [crud] [http-nio-8000-exec-4] o.s.web.servlet.DispatcherServlet        : GET "/", parameters={}
2025-03-19T12:06:32.617+07:00 DEBUG 4539 --- [crud] [http-nio-8000-exec-4] s.w.s.m.m.a.RequestMappingHandlerMapping : Mapped to com.mvc.crud.controller.EmployedController#index(Model)
2025-03-19T12:06:32.622+07:00 DEBUG 4539 --- [crud] [http-nio-8000-exec-4] o.s.w.s.v.ContentNegotiatingViewResolver : Selected 'text/html' given [text/html, application/xhtml+xml, application/xml;q=0.9, */*;q=0.8]
2025-03-19T12:06:32.637+07:00 DEBUG 4539 --- [crud] [http-nio-8000-exec-4] o.s.web.servlet.DispatcherServlet        : Completed 200 OK
2025-03-19T12:06:35.649+07:00 DEBUG 4539 --- [crud] [http-nio-8000-exec-5] o.s.web.servlet.DispatcherServlet        : GET "/", parameters={}
2025-03-19T12:06:35.650+07:00 DEBUG 4539 --- [crud] [http-nio-8000-exec-5] s.w.s.m.m.a.RequestMappingHandlerMapping : Mapped to com.mvc.crud.controller.EmployedController#index(Model)
2025-03-19T12:06:35.658+07:00 DEBUG 4539 --- [crud] [http-nio-8000-exec-5] o.s.w.s.v.ContentNegotiatingViewResolver : Selected 'text/html' given [text/html, application/xhtml+xml, application/xml;q=0.9, */*;q=0.8]
2025-03-19T12:06:35.673+07:00 DEBUG 4539 --- [crud] [http-nio-8000-exec-5] o.s.web.servlet.DispatcherServlet        : Completed 200 OK
2025-03-19T12:06:48.118+07:00 DEBUG 4539 --- [crud] [http-nio-8000-exec-6] o.s.web.servlet.DispatcherServlet        : POST "/save", parameters={masked}
2025-03-19T12:06:48.119+07:00 DEBUG 4539 --- [crud] [http-nio-8000-exec-6] s.w.s.m.m.a.RequestMappingHandlerMapping : Mapped to com.mvc.crud.controller.EmployedController#save(Employed, BindingResult, Model)
2025-03-19T12:06:48.134+07:00 DEBUG 4539 --- [crud] [http-nio-8000-exec-6] o.s.w.s.v.ContentNegotiatingViewResolver : Selected 'text/html' given [text/html, application/xhtml+xml, application/xml;q=0.9, */*;q=0.8]
2025-03-19T12:06:48.155+07:00 DEBUG 4539 --- [crud] [http-nio-8000-exec-6] o.s.web.servlet.DispatcherServlet        : Completed 200 OK
2025-03-19T12:06:57.931+07:00 DEBUG 4539 --- [crud] [http-nio-8000-exec-7] o.s.web.servlet.DispatcherServlet        : GET "/edit/1", parameters={}
2025-03-19T12:06:57.932+07:00 DEBUG 4539 --- [crud] [http-nio-8000-exec-7] s.w.s.m.m.a.RequestMappingHandlerMapping : Mapped to com.mvc.crud.controller.EmployedController#getEmployee(Integer)
2025-03-19T12:06:58.049+07:00 DEBUG 4539 --- [crud] [http-nio-8000-exec-7] m.m.a.RequestResponseBodyMethodProcessor : Using 'application/json', given [*/*] and supported [application/json, application/*+json]
2025-03-19T12:06:58.051+07:00 DEBUG 4539 --- [crud] [http-nio-8000-exec-7] m.m.a.RequestResponseBodyMethodProcessor : Writing [Employed{city='Surakarta', id=1, firstName='Fathoni', lastName='W J', email='fathoniwasesojati@gmail (truncated)...]
2025-03-19T12:06:58.053+07:00 DEBUG 4539 --- [crud] [http-nio-8000-exec-7] o.s.web.servlet.DispatcherServlet        : Completed 200 OK
2025-03-19T12:07:04.545+07:00 DEBUG 4539 --- [crud] [http-nio-8000-exec-8] o.s.web.servlet.DispatcherServlet        : POST "/update/1", parameters={masked}
2025-03-19T12:07:04.548+07:00 DEBUG 4539 --- [crud] [http-nio-8000-exec-8] s.w.s.m.m.a.RequestMappingHandlerMapping : Mapped to com.mvc.crud.controller.EmployedController#update(Integer, Employed, BindingResult, Model)
2025-03-19T12:07:04.744+07:00 DEBUG 4539 --- [crud] [http-nio-8000-exec-8] o.s.web.servlet.DispatcherServlet        : Failed to complete request: org.springframework.dao.InvalidDataAccessApiUsageException: org.hibernate.query.sqm.UnknownPathException: Could not resolve attribute 'first_name' of 'com.mvc.crud.entity.Employed' [UPDATE Employed e SET e.first_name = :first_name, e.last_name = :last_name, e.email = :email, e.phone = :phone, e.picture = :picture, e.city = :city WHERE e.id = :id]
2025-03-19T12:07:04.745+07:00 ERROR 4539 --- [crud] [http-nio-8000-exec-8] o.a.c.c.C.[.[.[/].[dispatcherServlet]    : Servlet.service() for servlet [dispatcherServlet] in context with path [] threw exception [Request processing failed: org.springframework.dao.InvalidDataAccessApiUsageException: org.hibernate.query.sqm.UnknownPathException: Could not resolve attribute 'first_name' of 'com.mvc.crud.entity.Employed' [UPDATE Employed e SET e.first_name = :first_name, e.last_name = :last_name, e.email = :email, e.phone = :phone, e.picture = :picture, e.city = :city WHERE e.id = :id]] with root cause

org.hibernate.query.sqm.PathElementException: Could not resolve attribute 'first_name' of 'com.mvc.crud.entity.Employed'
	at org.hibernate.query.sqm.SqmPathSource.getSubPathSource(SqmPathSource.java:95) ~[hibernate-core-6.6.8.Final.jar:6.6.8.Final]
	at org.hibernate.query.sqm.tree.domain.AbstractSqmPath.get(AbstractSqmPath.java:198) ~[hibernate-core-6.6.8.Final.jar:6.6.8.Final]
	at org.hibernate.query.sqm.tree.domain.AbstractSqmFrom.resolvePathPart(AbstractSqmFrom.java:198) ~[hibernate-core-6.6.8.Final.jar:6.6.8.Final]
	at org.hibernate.query.hql.internal.DomainPathPart.resolvePathPart(DomainPathPart.java:42) ~[hibernate-core-6.6.8.Final.jar:6.6.8.Final]
	at org.hibernate.query.hql.internal.BasicDotIdentifierConsumer.consumeIdentifier(BasicDotIdentifierConsumer.java:92) ~[hibernate-core-6.6.8.Final.jar:6.6.8.Final]
	at org.hibernate.query.hql.internal.SemanticQueryBuilder.visitSimplePath(SemanticQueryBuilder.java:5465) ~[hibernate-core-6.6.8.Final.jar:6.6.8.Final]
	at org.hibernate.query.hql.internal.SemanticQueryBuilder.visitSimplePath(SemanticQueryBuilder.java:277) ~[hibernate-core-6.6.8.Final.jar:6.6.8.Final]
	at org.hibernate.grammars.hql.HqlParser$SimplePathContext.accept(HqlParser.java:4403) ~[hibernate-core-6.6.8.Final.jar:6.6.8.Final]
	at org.hibernate.query.hql.internal.SemanticQueryBuilder.consumeDomainPath(SemanticQueryBuilder.java:5711) ~[hibernate-core-6.6.8.Final.jar:6.6.8.Final]
	at org.hibernate.query.hql.internal.SemanticQueryBuilder.visitAssignment(SemanticQueryBuilder.java:700) ~[hibernate-core-6.6.8.Final.jar:6.6.8.Final]
	at org.hibernate.query.hql.internal.SemanticQueryBuilder.visitUpdateStatement(SemanticQueryBuilder.java:680) ~[hibernate-core-6.6.8.Final.jar:6.6.8.Final]
	at org.hibernate.query.hql.internal.SemanticQueryBuilder.visitStatement(SemanticQueryBuilder.java:459) ~[hibernate-core-6.6.8.Final.jar:6.6.8.Final]
	at org.hibernate.query.hql.internal.SemanticQueryBuilder.buildSemanticModel(SemanticQueryBuilder.java:324) ~[hibernate-core-6.6.8.Final.jar:6.6.8.Final]
	at org.hibernate.query.hql.internal.StandardHqlTranslator.translate(StandardHqlTranslator.java:71) ~[hibernate-core-6.6.8.Final.jar:6.6.8.Final]
	at org.hibernate.query.internal.QueryInterpretationCacheStandardImpl.createHqlInterpretation(QueryInterpretationCacheStandardImpl.java:145) ~[hibernate-core-6.6.8.Final.jar:6.6.8.Final]
	at org.hibernate.query.internal.QueryInterpretationCacheStandardImpl.resolveHqlInterpretation(QueryInterpretationCacheStandardImpl.java:132) ~[hibernate-core-6.6.8.Final.jar:6.6.8.Final]
	at org.hibernate.query.spi.QueryEngine.interpretHql(QueryEngine.java:54) ~[hibernate-core-6.6.8.Final.jar:6.6.8.Final]
	at org.hibernate.internal.AbstractSharedSessionContract.interpretHql(AbstractSharedSessionContract.java:832) ~[hibernate-core-6.6.8.Final.jar:6.6.8.Final]
	at org.hibernate.internal.AbstractSharedSessionContract.createQuery(AbstractSharedSessionContract.java:878) ~[hibernate-core-6.6.8.Final.jar:6.6.8.Final]
	at org.hibernate.internal.AbstractSharedSessionContract.createQuery(AbstractSharedSessionContract.java:796) ~[hibernate-core-6.6.8.Final.jar:6.6.8.Final]
	at org.hibernate.internal.AbstractSharedSessionContract.createQuery(AbstractSharedSessionContract.java:143) ~[hibernate-core-6.6.8.Final.jar:6.6.8.Final]
	at java.base/jdk.internal.reflect.DirectMethodHandleAccessor.invoke(DirectMethodHandleAccessor.java:103) ~[na:na]
	at java.base/java.lang.reflect.Method.invoke(Method.java:580) ~[na:na]
	at org.springframework.orm.jpa.ExtendedEntityManagerCreator$ExtendedEntityManagerInvocationHandler.invoke(ExtendedEntityManagerCreator.java:364) ~[spring-orm-6.2.3.jar:6.2.3]
	at jdk.proxy4/jdk.proxy4.$Proxy117.createQuery(Unknown Source) ~[na:na]
	at java.base/jdk.internal.reflect.DirectMethodHandleAccessor.invoke(DirectMethodHandleAccessor.java:103) ~[na:na]
	at java.base/java.lang.reflect.Method.invoke(Method.java:580) ~[na:na]
	at org.springframework.orm.jpa.SharedEntityManagerCreator$SharedEntityManagerInvocationHandler.invoke(SharedEntityManagerCreator.java:320) ~[spring-orm-6.2.3.jar:6.2.3]
	at jdk.proxy4/jdk.proxy4.$Proxy117.createQuery(Unknown Source) ~[na:na]
	at com.mvc.crud.repository.EmployedRepository.updated(EmployedRepository.java:49) ~[classes/:na]
	at java.base/jdk.internal.reflect.DirectMethodHandleAccessor.invoke(DirectMethodHandleAccessor.java:103) ~[na:na]
	at java.base/java.lang.reflect.Method.invoke(Method.java:580) ~[na:na]
	at org.springframework.aop.support.AopUtils.invokeJoinpointUsingReflection(AopUtils.java:359) ~[spring-aop-6.2.3.jar:6.2.3]
	at org.springframework.aop.framework.ReflectiveMethodInvocation.invokeJoinpoint(ReflectiveMethodInvocation.java:196) ~[spring-aop-6.2.3.jar:6.2.3]
	at org.springframework.aop.framework.ReflectiveMethodInvocation.proceed(ReflectiveMethodInvocation.java:163) ~[spring-aop-6.2.3.jar:6.2.3]
	at org.springframework.dao.support.PersistenceExceptionTranslationInterceptor.invoke(PersistenceExceptionTranslationInterceptor.java:138) ~[spring-tx-6.2.3.jar:6.2.3]
	at org.springframework.aop.framework.ReflectiveMethodInvocation.proceed(ReflectiveMethodInvocation.java:184) ~[spring-aop-6.2.3.jar:6.2.3]
	at org.springframework.transaction.interceptor.TransactionAspectSupport.invokeWithinTransaction(TransactionAspectSupport.java:380) ~[spring-tx-6.2.3.jar:6.2.3]
	at org.springframework.transaction.interceptor.TransactionInterceptor.invoke(TransactionInterceptor.java:119) ~[spring-tx-6.2.3.jar:6.2.3]
	at org.springframework.aop.framework.ReflectiveMethodInvocation.proceed(ReflectiveMethodInvocation.java:184) ~[spring-aop-6.2.3.jar:6.2.3]
	at org.springframework.aop.framework.CglibAopProxy$DynamicAdvisedInterceptor.intercept(CglibAopProxy.java:727) ~[spring-aop-6.2.3.jar:6.2.3]
	at com.mvc.crud.repository.EmployedRepository$$SpringCGLIB$$0.updated(<generated>) ~[classes/:na]
	at com.mvc.crud.services.EmployedService.updated(EmployedService.java:31) ~[classes/:na]
	at com.mvc.crud.controller.EmployedController.update(EmployedController.java:53) ~[classes/:na]
	at java.base/jdk.internal.reflect.DirectMethodHandleAccessor.invoke(DirectMethodHandleAccessor.java:103) ~[na:na]
	at java.base/java.lang.reflect.Method.invoke(Method.java:580) ~[na:na]
	at org.springframework.web.method.support.InvocableHandlerMethod.doInvoke(InvocableHandlerMethod.java:257) ~[spring-web-6.2.3.jar:6.2.3]
	at org.springframework.web.method.support.InvocableHandlerMethod.invokeForRequest(InvocableHandlerMethod.java:190) ~[spring-web-6.2.3.jar:6.2.3]
	at org.springframework.web.servlet.mvc.method.annotation.ServletInvocableHandlerMethod.invokeAndHandle(ServletInvocableHandlerMethod.java:118) ~[spring-webmvc-6.2.3.jar:6.2.3]
	at org.springframework.web.servlet.mvc.method.annotation.RequestMappingHandlerAdapter.invokeHandlerMethod(RequestMappingHandlerAdapter.java:986) ~[spring-webmvc-6.2.3.jar:6.2.3]
	at org.springframework.web.servlet.mvc.method.annotation.RequestMappingHandlerAdapter.handleInternal(RequestMappingHandlerAdapter.java:891) ~[spring-webmvc-6.2.3.jar:6.2.3]
	at org.springframework.web.servlet.mvc.method.AbstractHandlerMethodAdapter.handle(AbstractHandlerMethodAdapter.java:87) ~[spring-webmvc-6.2.3.jar:6.2.3]
	at org.springframework.web.servlet.DispatcherServlet.doDispatch(DispatcherServlet.java:1088) ~[spring-webmvc-6.2.3.jar:6.2.3]
	at org.springframework.web.servlet.DispatcherServlet.doService(DispatcherServlet.java:978) ~[spring-webmvc-6.2.3.jar:6.2.3]
	at org.springframework.web.servlet.FrameworkServlet.processRequest(FrameworkServlet.java:1014) ~[spring-webmvc-6.2.3.jar:6.2.3]
	at org.springframework.web.servlet.FrameworkServlet.doPost(FrameworkServlet.java:914) ~[spring-webmvc-6.2.3.jar:6.2.3]
	at jakarta.servlet.http.HttpServlet.service(HttpServlet.java:590) ~[tomcat-embed-core-10.1.36.jar:6.0]
	at org.springframework.web.servlet.FrameworkServlet.service(FrameworkServlet.java:885) ~[spring-webmvc-6.2.3.jar:6.2.3]
	at jakarta.servlet.http.HttpServlet.service(HttpServlet.java:658) ~[tomcat-embed-core-10.1.36.jar:6.0]
	at org.apache.catalina.core.ApplicationFilterChain.internalDoFilter(ApplicationFilterChain.java:195) ~[tomcat-embed-core-10.1.36.jar:10.1.36]
	at org.apache.catalina.core.ApplicationFilterChain.doFilter(ApplicationFilterChain.java:140) ~[tomcat-embed-core-10.1.36.jar:10.1.36]
	at org.apache.tomcat.websocket.server.WsFilter.doFilter(WsFilter.java:51) ~[tomcat-embed-websocket-10.1.36.jar:10.1.36]
	at org.apache.catalina.core.ApplicationFilterChain.internalDoFilter(ApplicationFilterChain.java:164) ~[tomcat-embed-core-10.1.36.jar:10.1.36]
	at org.apache.catalina.core.ApplicationFilterChain.doFilter(ApplicationFilterChain.java:140) ~[tomcat-embed-core-10.1.36.jar:10.1.36]
	at org.springframework.web.filter.RequestContextFilter.doFilterInternal(RequestContextFilter.java:100) ~[spring-web-6.2.3.jar:6.2.3]
	at org.springframework.web.filter.OncePerRequestFilter.doFilter(OncePerRequestFilter.java:116) ~[spring-web-6.2.3.jar:6.2.3]
	at org.apache.catalina.core.ApplicationFilterChain.internalDoFilter(ApplicationFilterChain.java:164) ~[tomcat-embed-core-10.1.36.jar:10.1.36]
	at org.apache.catalina.core.ApplicationFilterChain.doFilter(ApplicationFilterChain.java:140) ~[tomcat-embed-core-10.1.36.jar:10.1.36]
	at org.springframework.web.filter.FormContentFilter.doFilterInternal(FormContentFilter.java:93) ~[spring-web-6.2.3.jar:6.2.3]
	at org.springframework.web.filter.OncePerRequestFilter.doFilter(OncePerRequestFilter.java:116) ~[spring-web-6.2.3.jar:6.2.3]
	at org.apache.catalina.core.ApplicationFilterChain.internalDoFilter(ApplicationFilterChain.java:164) ~[tomcat-embed-core-10.1.36.jar:10.1.36]
	at org.apache.catalina.core.ApplicationFilterChain.doFilter(ApplicationFilterChain.java:140) ~[tomcat-embed-core-10.1.36.jar:10.1.36]
	at org.springframework.web.filter.CharacterEncodingFilter.doFilterInternal(CharacterEncodingFilter.java:201) ~[spring-web-6.2.3.jar:6.2.3]
	at org.springframework.web.filter.OncePerRequestFilter.doFilter(OncePerRequestFilter.java:116) ~[spring-web-6.2.3.jar:6.2.3]
	at org.apache.catalina.core.ApplicationFilterChain.internalDoFilter(ApplicationFilterChain.java:164) ~[tomcat-embed-core-10.1.36.jar:10.1.36]
	at org.apache.catalina.core.ApplicationFilterChain.doFilter(ApplicationFilterChain.java:140) ~[tomcat-embed-core-10.1.36.jar:10.1.36]
	at org.apache.catalina.core.StandardWrapperValve.invoke(StandardWrapperValve.java:167) ~[tomcat-embed-core-10.1.36.jar:10.1.36]
	at org.apache.catalina.core.StandardContextValve.invoke(StandardContextValve.java:90) ~[tomcat-embed-core-10.1.36.jar:10.1.36]
	at org.apache.catalina.authenticator.AuthenticatorBase.invoke(AuthenticatorBase.java:483) ~[tomcat-embed-core-10.1.36.jar:10.1.36]
	at org.apache.catalina.core.StandardHostValve.invoke(StandardHostValve.java:115) ~[tomcat-embed-core-10.1.36.jar:10.1.36]
	at org.apache.catalina.valves.ErrorReportValve.invoke(ErrorReportValve.java:93) ~[tomcat-embed-core-10.1.36.jar:10.1.36]
	at org.apache.catalina.core.StandardEngineValve.invoke(StandardEngineValve.java:74) ~[tomcat-embed-core-10.1.36.jar:10.1.36]
	at org.apache.catalina.connector.CoyoteAdapter.service(CoyoteAdapter.java:344) ~[tomcat-embed-core-10.1.36.jar:10.1.36]
	at org.apache.coyote.http11.Http11Processor.service(Http11Processor.java:397) ~[tomcat-embed-core-10.1.36.jar:10.1.36]
	at org.apache.coyote.AbstractProcessorLight.process(AbstractProcessorLight.java:63) ~[tomcat-embed-core-10.1.36.jar:10.1.36]
	at org.apache.coyote.AbstractProtocol$ConnectionHandler.process(AbstractProtocol.java:905) ~[tomcat-embed-core-10.1.36.jar:10.1.36]
	at org.apache.tomcat.util.net.NioEndpoint$SocketProcessor.doRun(NioEndpoint.java:1743) ~[tomcat-embed-core-10.1.36.jar:10.1.36]
	at org.apache.tomcat.util.net.SocketProcessorBase.run(SocketProcessorBase.java:52) ~[tomcat-embed-core-10.1.36.jar:10.1.36]
	at org.apache.tomcat.util.threads.ThreadPoolExecutor.runWorker(ThreadPoolExecutor.java:1190) ~[tomcat-embed-core-10.1.36.jar:10.1.36]
	at org.apache.tomcat.util.threads.ThreadPoolExecutor$Worker.run(ThreadPoolExecutor.java:659) ~[tomcat-embed-core-10.1.36.jar:10.1.36]
	at org.apache.tomcat.util.threads.TaskThread$WrappingRunnable.run(TaskThread.java:63) ~[tomcat-embed-core-10.1.36.jar:10.1.36]
	at java.base/java.lang.Thread.run(Thread.java:1583) ~[na:na]

2025-03-19T12:07:04.753+07:00 DEBUG 4539 --- [crud] [http-nio-8000-exec-8] o.s.web.servlet.DispatcherServlet        : "ERROR" dispatch for POST "/error", parameters={masked}
2025-03-19T12:07:04.753+07:00 DEBUG 4539 --- [crud] [http-nio-8000-exec-8] s.w.s.m.m.a.RequestMappingHandlerMapping : Mapped to org.springframework.boot.autoconfigure.web.servlet.error.BasicErrorController#errorHtml(HttpServletRequest, HttpServletResponse)
2025-03-19T12:07:04.764+07:00 DEBUG 4539 --- [crud] [http-nio-8000-exec-8] o.s.w.s.v.ContentNegotiatingViewResolver : Selected 'text/html' given [text/html, text/html;q=0.8]
2025-03-19T12:07:04.772+07:00 DEBUG 4539 --- [crud] [http-nio-8000-exec-8] o.s.web.servlet.DispatcherServlet        : Exiting from "ERROR" dispatch, status 500
2025-03-19T12:09:18.199+07:00 DEBUG 4539 --- [crud] [http-nio-8000-exec-9] o.s.web.servlet.DispatcherServlet        : GET "/", parameters={}
2025-03-19T12:09:18.199+07:00 DEBUG 4539 --- [crud] [http-nio-8000-exec-9] s.w.s.m.m.a.RequestMappingHandlerMapping : Mapped to com.mvc.crud.controller.EmployedController#index(Model)
2025-03-19T12:09:18.205+07:00 DEBUG 4539 --- [crud] [http-nio-8000-exec-9] o.s.w.s.v.ContentNegotiatingViewResolver : Selected 'text/html' given [text/html, application/xhtml+xml, application/xml;q=0.9, */*;q=0.8]
2025-03-19T12:09:18.216+07:00 DEBUG 4539 --- [crud] [http-nio-8000-exec-9] o.s.web.servlet.DispatcherServlet        : Completed 200 OK
2025-03-19T12:09:18.286+07:00 DEBUG 4539 --- [crud] [http-nio-8000-exec-10] o.s.web.servlet.DispatcherServlet        : GET "/favicon.ico", parameters={}
2025-03-19T12:09:18.288+07:00 DEBUG 4539 --- [crud] [http-nio-8000-exec-10] o.s.w.s.handler.SimpleUrlHandlerMapping  : Mapped to ResourceHttpRequestHandler [classpath [META-INF/resources/], classpath [resources/], classpath [static/], classpath [public/], ServletContext [/]]
2025-03-19T12:09:18.292+07:00 DEBUG 4539 --- [crud] [http-nio-8000-exec-10] o.s.w.s.r.ResourceHttpRequestHandler     : Resource not found
2025-03-19T12:09:18.292+07:00 DEBUG 4539 --- [crud] [http-nio-8000-exec-10] .w.s.m.s.DefaultHandlerExceptionResolver : Resolved [org.springframework.web.servlet.resource.NoResourceFoundException: No static resource favicon.ico.]
2025-03-19T12:09:18.293+07:00 DEBUG 4539 --- [crud] [http-nio-8000-exec-10] o.s.web.servlet.DispatcherServlet        : Completed 404 NOT_FOUND
2025-03-19T12:09:18.294+07:00 DEBUG 4539 --- [crud] [http-nio-8000-exec-10] o.s.web.servlet.DispatcherServlet        : "ERROR" dispatch for GET "/error", parameters={}
2025-03-19T12:09:18.296+07:00 DEBUG 4539 --- [crud] [http-nio-8000-exec-10] s.w.s.m.m.a.RequestMappingHandlerMapping : Mapped to org.springframework.boot.autoconfigure.web.servlet.error.BasicErrorController#error(HttpServletRequest)
2025-03-19T12:09:18.299+07:00 DEBUG 4539 --- [crud] [http-nio-8000-exec-10] o.s.w.s.m.m.a.HttpEntityMethodProcessor  : Using 'application/json;q=0.5', given [image/avif, image/webp, image/png, image/svg+xml, image/*;q=0.8, */*;q=0.5] and supported [application/json, application/*+json]
2025-03-19T12:09:18.300+07:00 DEBUG 4539 --- [crud] [http-nio-8000-exec-10] o.s.w.s.m.m.a.HttpEntityMethodProcessor  : Writing [{timestamp=Wed Mar 19 12:09:18 WIB 2025, status=404, error=Not Found, trace=org.springframework.web. (truncated)...]
2025-03-19T12:09:18.303+07:00 DEBUG 4539 --- [crud] [http-nio-8000-exec-10] o.s.web.servlet.DispatcherServlet        : Exiting from "ERROR" dispatch, status 404
2025-03-19T12:09:22.737+07:00 DEBUG 4539 --- [crud] [http-nio-8000-exec-1] o.s.web.servlet.DispatcherServlet        : GET "/edit/1", parameters={}
2025-03-19T12:09:22.738+07:00 DEBUG 4539 --- [crud] [http-nio-8000-exec-1] s.w.s.m.m.a.RequestMappingHandlerMapping : Mapped to com.mvc.crud.controller.EmployedController#getEmployee(Integer)
2025-03-19T12:09:22.741+07:00 DEBUG 4539 --- [crud] [http-nio-8000-exec-1] m.m.a.RequestResponseBodyMethodProcessor : Using 'application/json', given [*/*] and supported [application/json, application/*+json]
2025-03-19T12:09:22.742+07:00 DEBUG 4539 --- [crud] [http-nio-8000-exec-1] m.m.a.RequestResponseBodyMethodProcessor : Writing [Employed{city='Surakarta', id=1, firstName='Fathoni', lastName='W J', email='fathoniwasesojati@gmail (truncated)...]
2025-03-19T12:09:22.743+07:00 DEBUG 4539 --- [crud] [http-nio-8000-exec-1] o.s.web.servlet.DispatcherServlet        : Completed 200 OK
2025-03-19T12:09:24.192+07:00 DEBUG 4539 --- [crud] [http-nio-8000-exec-2] o.s.web.servlet.DispatcherServlet        : POST "/update/1", parameters={masked}
2025-03-19T12:09:24.193+07:00 DEBUG 4539 --- [crud] [http-nio-8000-exec-2] s.w.s.m.m.a.RequestMappingHandlerMapping : Mapped to com.mvc.crud.controller.EmployedController#update(Integer, Employed, BindingResult, Model)
2025-03-19T12:09:24.203+07:00 DEBUG 4539 --- [crud] [http-nio-8000-exec-2] o.s.web.servlet.DispatcherServlet        : Failed to complete request: org.springframework.dao.InvalidDataAccessApiUsageException: org.hibernate.query.sqm.UnknownPathException: Could not resolve attribute 'first_name' of 'com.mvc.crud.entity.Employed' [UPDATE Employed e SET e.first_name = :first_name, e.last_name = :last_name, e.email = :email, e.phone = :phone, e.picture = :picture, e.city = :city WHERE e.id = :id]
2025-03-19T12:09:24.204+07:00 ERROR 4539 --- [crud] [http-nio-8000-exec-2] o.a.c.c.C.[.[.[/].[dispatcherServlet]    : Servlet.service() for servlet [dispatcherServlet] in context with path [] threw exception [Request processing failed: org.springframework.dao.InvalidDataAccessApiUsageException: org.hibernate.query.sqm.UnknownPathException: Could not resolve attribute 'first_name' of 'com.mvc.crud.entity.Employed' [UPDATE Employed e SET e.first_name = :first_name, e.last_name = :last_name, e.email = :email, e.phone = :phone, e.picture = :picture, e.city = :city WHERE e.id = :id]] with root cause

org.hibernate.query.sqm.PathElementException: Could not resolve attribute 'first_name' of 'com.mvc.crud.entity.Employed'
	at org.hibernate.query.sqm.SqmPathSource.getSubPathSource(SqmPathSource.java:95) ~[hibernate-core-6.6.8.Final.jar:6.6.8.Final]
	at org.hibernate.query.sqm.tree.domain.AbstractSqmPath.get(AbstractSqmPath.java:198) ~[hibernate-core-6.6.8.Final.jar:6.6.8.Final]
	at org.hibernate.query.sqm.tree.domain.AbstractSqmFrom.resolvePathPart(AbstractSqmFrom.java:198) ~[hibernate-core-6.6.8.Final.jar:6.6.8.Final]
	at org.hibernate.query.hql.internal.DomainPathPart.resolvePathPart(DomainPathPart.java:42) ~[hibernate-core-6.6.8.Final.jar:6.6.8.Final]
	at org.hibernate.query.hql.internal.BasicDotIdentifierConsumer.consumeIdentifier(BasicDotIdentifierConsumer.java:92) ~[hibernate-core-6.6.8.Final.jar:6.6.8.Final]
	at org.hibernate.query.hql.internal.SemanticQueryBuilder.visitSimplePath(SemanticQueryBuilder.java:5465) ~[hibernate-core-6.6.8.Final.jar:6.6.8.Final]
	at org.hibernate.query.hql.internal.SemanticQueryBuilder.visitSimplePath(SemanticQueryBuilder.java:277) ~[hibernate-core-6.6.8.Final.jar:6.6.8.Final]
	at org.hibernate.grammars.hql.HqlParser$SimplePathContext.accept(HqlParser.java:4403) ~[hibernate-core-6.6.8.Final.jar:6.6.8.Final]
	at org.hibernate.query.hql.internal.SemanticQueryBuilder.consumeDomainPath(SemanticQueryBuilder.java:5711) ~[hibernate-core-6.6.8.Final.jar:6.6.8.Final]
	at org.hibernate.query.hql.internal.SemanticQueryBuilder.visitAssignment(SemanticQueryBuilder.java:700) ~[hibernate-core-6.6.8.Final.jar:6.6.8.Final]
	at org.hibernate.query.hql.internal.SemanticQueryBuilder.visitUpdateStatement(SemanticQueryBuilder.java:680) ~[hibernate-core-6.6.8.Final.jar:6.6.8.Final]
	at org.hibernate.query.hql.internal.SemanticQueryBuilder.visitStatement(SemanticQueryBuilder.java:459) ~[hibernate-core-6.6.8.Final.jar:6.6.8.Final]
	at org.hibernate.query.hql.internal.SemanticQueryBuilder.buildSemanticModel(SemanticQueryBuilder.java:324) ~[hibernate-core-6.6.8.Final.jar:6.6.8.Final]
	at org.hibernate.query.hql.internal.StandardHqlTranslator.translate(StandardHqlTranslator.java:71) ~[hibernate-core-6.6.8.Final.jar:6.6.8.Final]
	at org.hibernate.query.internal.QueryInterpretationCacheStandardImpl.createHqlInterpretation(QueryInterpretationCacheStandardImpl.java:145) ~[hibernate-core-6.6.8.Final.jar:6.6.8.Final]
	at org.hibernate.query.internal.QueryInterpretationCacheStandardImpl.resolveHqlInterpretation(QueryInterpretationCacheStandardImpl.java:132) ~[hibernate-core-6.6.8.Final.jar:6.6.8.Final]
	at org.hibernate.query.spi.QueryEngine.interpretHql(QueryEngine.java:54) ~[hibernate-core-6.6.8.Final.jar:6.6.8.Final]
	at org.hibernate.internal.AbstractSharedSessionContract.interpretHql(AbstractSharedSessionContract.java:832) ~[hibernate-core-6.6.8.Final.jar:6.6.8.Final]
	at org.hibernate.internal.AbstractSharedSessionContract.createQuery(AbstractSharedSessionContract.java:878) ~[hibernate-core-6.6.8.Final.jar:6.6.8.Final]
	at org.hibernate.internal.AbstractSharedSessionContract.createQuery(AbstractSharedSessionContract.java:796) ~[hibernate-core-6.6.8.Final.jar:6.6.8.Final]
	at org.hibernate.internal.AbstractSharedSessionContract.createQuery(AbstractSharedSessionContract.java:143) ~[hibernate-core-6.6.8.Final.jar:6.6.8.Final]
	at java.base/jdk.internal.reflect.DirectMethodHandleAccessor.invoke(DirectMethodHandleAccessor.java:103) ~[na:na]
	at java.base/java.lang.reflect.Method.invoke(Method.java:580) ~[na:na]
	at org.springframework.orm.jpa.ExtendedEntityManagerCreator$ExtendedEntityManagerInvocationHandler.invoke(ExtendedEntityManagerCreator.java:364) ~[spring-orm-6.2.3.jar:6.2.3]
	at jdk.proxy4/jdk.proxy4.$Proxy117.createQuery(Unknown Source) ~[na:na]
	at java.base/jdk.internal.reflect.DirectMethodHandleAccessor.invoke(DirectMethodHandleAccessor.java:103) ~[na:na]
	at java.base/java.lang.reflect.Method.invoke(Method.java:580) ~[na:na]
	at org.springframework.orm.jpa.SharedEntityManagerCreator$SharedEntityManagerInvocationHandler.invoke(SharedEntityManagerCreator.java:320) ~[spring-orm-6.2.3.jar:6.2.3]
	at jdk.proxy4/jdk.proxy4.$Proxy117.createQuery(Unknown Source) ~[na:na]
	at com.mvc.crud.repository.EmployedRepository.updated(EmployedRepository.java:49) ~[classes/:na]
	at java.base/jdk.internal.reflect.DirectMethodHandleAccessor.invoke(DirectMethodHandleAccessor.java:103) ~[na:na]
	at java.base/java.lang.reflect.Method.invoke(Method.java:580) ~[na:na]
	at org.springframework.aop.support.AopUtils.invokeJoinpointUsingReflection(AopUtils.java:359) ~[spring-aop-6.2.3.jar:6.2.3]
	at org.springframework.aop.framework.ReflectiveMethodInvocation.invokeJoinpoint(ReflectiveMethodInvocation.java:196) ~[spring-aop-6.2.3.jar:6.2.3]
	at org.springframework.aop.framework.ReflectiveMethodInvocation.proceed(ReflectiveMethodInvocation.java:163) ~[spring-aop-6.2.3.jar:6.2.3]
	at org.springframework.dao.support.PersistenceExceptionTranslationInterceptor.invoke(PersistenceExceptionTranslationInterceptor.java:138) ~[spring-tx-6.2.3.jar:6.2.3]
	at org.springframework.aop.framework.ReflectiveMethodInvocation.proceed(ReflectiveMethodInvocation.java:184) ~[spring-aop-6.2.3.jar:6.2.3]
	at org.springframework.transaction.interceptor.TransactionAspectSupport.invokeWithinTransaction(TransactionAspectSupport.java:380) ~[spring-tx-6.2.3.jar:6.2.3]
	at org.springframework.transaction.interceptor.TransactionInterceptor.invoke(TransactionInterceptor.java:119) ~[spring-tx-6.2.3.jar:6.2.3]
	at org.springframework.aop.framework.ReflectiveMethodInvocation.proceed(ReflectiveMethodInvocation.java:184) ~[spring-aop-6.2.3.jar:6.2.3]
	at org.springframework.aop.framework.CglibAopProxy$DynamicAdvisedInterceptor.intercept(CglibAopProxy.java:727) ~[spring-aop-6.2.3.jar:6.2.3]
	at com.mvc.crud.repository.EmployedRepository$$SpringCGLIB$$0.updated(<generated>) ~[classes/:na]
	at com.mvc.crud.services.EmployedService.updated(EmployedService.java:31) ~[classes/:na]
	at com.mvc.crud.controller.EmployedController.update(EmployedController.java:53) ~[classes/:na]
	at java.base/jdk.internal.reflect.DirectMethodHandleAccessor.invoke(DirectMethodHandleAccessor.java:103) ~[na:na]
	at java.base/java.lang.reflect.Method.invoke(Method.java:580) ~[na:na]
	at org.springframework.web.method.support.InvocableHandlerMethod.doInvoke(InvocableHandlerMethod.java:257) ~[spring-web-6.2.3.jar:6.2.3]
	at org.springframework.web.method.support.InvocableHandlerMethod.invokeForRequest(InvocableHandlerMethod.java:190) ~[spring-web-6.2.3.jar:6.2.3]
	at org.springframework.web.servlet.mvc.method.annotation.ServletInvocableHandlerMethod.invokeAndHandle(ServletInvocableHandlerMethod.java:118) ~[spring-webmvc-6.2.3.jar:6.2.3]
	at org.springframework.web.servlet.mvc.method.annotation.RequestMappingHandlerAdapter.invokeHandlerMethod(RequestMappingHandlerAdapter.java:986) ~[spring-webmvc-6.2.3.jar:6.2.3]
	at org.springframework.web.servlet.mvc.method.annotation.RequestMappingHandlerAdapter.handleInternal(RequestMappingHandlerAdapter.java:891) ~[spring-webmvc-6.2.3.jar:6.2.3]
	at org.springframework.web.servlet.mvc.method.AbstractHandlerMethodAdapter.handle(AbstractHandlerMethodAdapter.java:87) ~[spring-webmvc-6.2.3.jar:6.2.3]
	at org.springframework.web.servlet.DispatcherServlet.doDispatch(DispatcherServlet.java:1088) ~[spring-webmvc-6.2.3.jar:6.2.3]
	at org.springframework.web.servlet.DispatcherServlet.doService(DispatcherServlet.java:978) ~[spring-webmvc-6.2.3.jar:6.2.3]
	at org.springframework.web.servlet.FrameworkServlet.processRequest(FrameworkServlet.java:1014) ~[spring-webmvc-6.2.3.jar:6.2.3]
	at org.springframework.web.servlet.FrameworkServlet.doPost(FrameworkServlet.java:914) ~[spring-webmvc-6.2.3.jar:6.2.3]
	at jakarta.servlet.http.HttpServlet.service(HttpServlet.java:590) ~[tomcat-embed-core-10.1.36.jar:6.0]
	at org.springframework.web.servlet.FrameworkServlet.service(FrameworkServlet.java:885) ~[spring-webmvc-6.2.3.jar:6.2.3]
	at jakarta.servlet.http.HttpServlet.service(HttpServlet.java:658) ~[tomcat-embed-core-10.1.36.jar:6.0]
	at org.apache.catalina.core.ApplicationFilterChain.internalDoFilter(ApplicationFilterChain.java:195) ~[tomcat-embed-core-10.1.36.jar:10.1.36]
	at org.apache.catalina.core.ApplicationFilterChain.doFilter(ApplicationFilterChain.java:140) ~[tomcat-embed-core-10.1.36.jar:10.1.36]
	at org.apache.tomcat.websocket.server.WsFilter.doFilter(WsFilter.java:51) ~[tomcat-embed-websocket-10.1.36.jar:10.1.36]
	at org.apache.catalina.core.ApplicationFilterChain.internalDoFilter(ApplicationFilterChain.java:164) ~[tomcat-embed-core-10.1.36.jar:10.1.36]
	at org.apache.catalina.core.ApplicationFilterChain.doFilter(ApplicationFilterChain.java:140) ~[tomcat-embed-core-10.1.36.jar:10.1.36]
	at org.springframework.web.filter.RequestContextFilter.doFilterInternal(RequestContextFilter.java:100) ~[spring-web-6.2.3.jar:6.2.3]
	at org.springframework.web.filter.OncePerRequestFilter.doFilter(OncePerRequestFilter.java:116) ~[spring-web-6.2.3.jar:6.2.3]
	at org.apache.catalina.core.ApplicationFilterChain.internalDoFilter(ApplicationFilterChain.java:164) ~[tomcat-embed-core-10.1.36.jar:10.1.36]
	at org.apache.catalina.core.ApplicationFilterChain.doFilter(ApplicationFilterChain.java:140) ~[tomcat-embed-core-10.1.36.jar:10.1.36]
	at org.springframework.web.filter.FormContentFilter.doFilterInternal(FormContentFilter.java:93) ~[spring-web-6.2.3.jar:6.2.3]
	at org.springframework.web.filter.OncePerRequestFilter.doFilter(OncePerRequestFilter.java:116) ~[spring-web-6.2.3.jar:6.2.3]
	at org.apache.catalina.core.ApplicationFilterChain.internalDoFilter(ApplicationFilterChain.java:164) ~[tomcat-embed-core-10.1.36.jar:10.1.36]
	at org.apache.catalina.core.ApplicationFilterChain.doFilter(ApplicationFilterChain.java:140) ~[tomcat-embed-core-10.1.36.jar:10.1.36]
	at org.springframework.web.filter.CharacterEncodingFilter.doFilterInternal(CharacterEncodingFilter.java:201) ~[spring-web-6.2.3.jar:6.2.3]
	at org.springframework.web.filter.OncePerRequestFilter.doFilter(OncePerRequestFilter.java:116) ~[spring-web-6.2.3.jar:6.2.3]
	at org.apache.catalina.core.ApplicationFilterChain.internalDoFilter(ApplicationFilterChain.java:164) ~[tomcat-embed-core-10.1.36.jar:10.1.36]
	at org.apache.catalina.core.ApplicationFilterChain.doFilter(ApplicationFilterChain.java:140) ~[tomcat-embed-core-10.1.36.jar:10.1.36]
	at org.apache.catalina.core.StandardWrapperValve.invoke(StandardWrapperValve.java:167) ~[tomcat-embed-core-10.1.36.jar:10.1.36]
	at org.apache.catalina.core.StandardContextValve.invoke(StandardContextValve.java:90) ~[tomcat-embed-core-10.1.36.jar:10.1.36]
	at org.apache.catalina.authenticator.AuthenticatorBase.invoke(AuthenticatorBase.java:483) ~[tomcat-embed-core-10.1.36.jar:10.1.36]
	at org.apache.catalina.core.StandardHostValve.invoke(StandardHostValve.java:115) ~[tomcat-embed-core-10.1.36.jar:10.1.36]
	at org.apache.catalina.valves.ErrorReportValve.invoke(ErrorReportValve.java:93) ~[tomcat-embed-core-10.1.36.jar:10.1.36]
	at org.apache.catalina.core.StandardEngineValve.invoke(StandardEngineValve.java:74) ~[tomcat-embed-core-10.1.36.jar:10.1.36]
	at org.apache.catalina.connector.CoyoteAdapter.service(CoyoteAdapter.java:344) ~[tomcat-embed-core-10.1.36.jar:10.1.36]
	at org.apache.coyote.http11.Http11Processor.service(Http11Processor.java:397) ~[tomcat-embed-core-10.1.36.jar:10.1.36]
	at org.apache.coyote.AbstractProcessorLight.process(AbstractProcessorLight.java:63) ~[tomcat-embed-core-10.1.36.jar:10.1.36]
	at org.apache.coyote.AbstractProtocol$ConnectionHandler.process(AbstractProtocol.java:905) ~[tomcat-embed-core-10.1.36.jar:10.1.36]
	at org.apache.tomcat.util.net.NioEndpoint$SocketProcessor.doRun(NioEndpoint.java:1743) ~[tomcat-embed-core-10.1.36.jar:10.1.36]
	at org.apache.tomcat.util.net.SocketProcessorBase.run(SocketProcessorBase.java:52) ~[tomcat-embed-core-10.1.36.jar:10.1.36]
	at org.apache.tomcat.util.threads.ThreadPoolExecutor.runWorker(ThreadPoolExecutor.java:1190) ~[tomcat-embed-core-10.1.36.jar:10.1.36]
	at org.apache.tomcat.util.threads.ThreadPoolExecutor$Worker.run(ThreadPoolExecutor.java:659) ~[tomcat-embed-core-10.1.36.jar:10.1.36]
	at org.apache.tomcat.util.threads.TaskThread$WrappingRunnable.run(TaskThread.java:63) ~[tomcat-embed-core-10.1.36.jar:10.1.36]
	at java.base/java.lang.Thread.run(Thread.java:1583) ~[na:na]

2025-03-19T12:09:24.206+07:00 DEBUG 4539 --- [crud] [http-nio-8000-exec-2] o.s.web.servlet.DispatcherServlet        : "ERROR" dispatch for POST "/error", parameters={masked}
2025-03-19T12:09:24.207+07:00 DEBUG 4539 --- [crud] [http-nio-8000-exec-2] s.w.s.m.m.a.RequestMappingHandlerMapping : Mapped to org.springframework.boot.autoconfigure.web.servlet.error.BasicErrorController#errorHtml(HttpServletRequest, HttpServletResponse)
2025-03-19T12:09:24.213+07:00 DEBUG 4539 --- [crud] [http-nio-8000-exec-2] o.s.w.s.v.ContentNegotiatingViewResolver : Selected 'text/html' given [text/html, text/html;q=0.8]
2025-03-19T12:09:24.216+07:00 DEBUG 4539 --- [crud] [http-nio-8000-exec-2] o.s.web.servlet.DispatcherServlet        : Exiting from "ERROR" dispatch, status 500
2025-03-19T12:10:22.342+07:00  INFO 4539 --- [crud] [SpringApplicationShutdownHook] o.s.b.w.e.tomcat.GracefulShutdown        : Commencing graceful shutdown. Waiting for active requests to complete
2025-03-19T12:10:22.348+07:00  INFO 4539 --- [crud] [tomcat-shutdown] o.s.b.w.e.tomcat.GracefulShutdown        : Graceful shutdown complete
2025-03-19T12:10:22.356+07:00  INFO 4539 --- [crud] [SpringApplicationShutdownHook] j.LocalContainerEntityManagerFactoryBean : Closing JPA EntityManagerFactory for persistence unit 'default'
2025-03-19T12:10:22.362+07:00  INFO 4539 --- [crud] [SpringApplicationShutdownHook] com.zaxxer.hikari.HikariDataSource       : HikariPool-1 - Shutdown initiated...
2025-03-19T12:10:22.372+07:00  INFO 4539 --- [crud] [SpringApplicationShutdownHook] com.zaxxer.hikari.HikariDataSource       : HikariPool-1 - Shutdown completed.
2025-03-19T12:10:26.267+07:00  INFO 4658 --- [crud] [restartedMain] com.mvc.crud.CrudApplication             : Starting CrudApplication using Java 21.0.5 with PID 4658 (/home/tony/Documents/Spring Boot Course/Section 7 - MVC CRUD/target/classes started by tony in /home/tony/Documents/Spring Boot Course/Section 7 - MVC CRUD)
2025-03-19T12:10:26.271+07:00  INFO 4658 --- [crud] [restartedMain] com.mvc.crud.CrudApplication             : No active profile set, falling back to 1 default profile: "default"
2025-03-19T12:10:26.357+07:00  INFO 4658 --- [crud] [restartedMain] .e.DevToolsPropertyDefaultsPostProcessor : Devtools property defaults active! Set 'spring.devtools.add-properties' to 'false' to disable
2025-03-19T12:10:26.358+07:00  INFO 4658 --- [crud] [restartedMain] .e.DevToolsPropertyDefaultsPostProcessor : For additional web related logging consider setting the 'logging.level.web' property to 'DEBUG'
2025-03-19T12:10:27.302+07:00  INFO 4658 --- [crud] [restartedMain] .s.d.r.c.RepositoryConfigurationDelegate : Bootstrapping Spring Data JPA repositories in DEFAULT mode.
2025-03-19T12:10:27.334+07:00  INFO 4658 --- [crud] [restartedMain] .s.d.r.c.RepositoryConfigurationDelegate : Finished Spring Data repository scanning in 19 ms. Found 0 JPA repository interfaces.
2025-03-19T12:10:28.265+07:00  INFO 4658 --- [crud] [restartedMain] o.s.b.w.embedded.tomcat.TomcatWebServer  : Tomcat initialized with port 8000 (http)
2025-03-19T12:10:28.289+07:00  INFO 4658 --- [crud] [restartedMain] o.apache.catalina.core.StandardService   : Starting service [Tomcat]
2025-03-19T12:10:28.290+07:00  INFO 4658 --- [crud] [restartedMain] o.apache.catalina.core.StandardEngine    : Starting Servlet engine: [Apache Tomcat/10.1.36]
2025-03-19T12:10:28.343+07:00  INFO 4658 --- [crud] [restartedMain] o.a.c.c.C.[Tomcat].[localhost].[/]       : Initializing Spring embedded WebApplicationContext
2025-03-19T12:10:28.344+07:00  INFO 4658 --- [crud] [restartedMain] w.s.c.ServletWebServerApplicationContext : Root WebApplicationContext: initialization completed in 1985 ms
2025-03-19T12:10:28.548+07:00  INFO 4658 --- [crud] [restartedMain] com.zaxxer.hikari.HikariDataSource       : HikariPool-1 - Starting...
2025-03-19T12:10:29.080+07:00  INFO 4658 --- [crud] [restartedMain] com.zaxxer.hikari.pool.HikariPool        : HikariPool-1 - Added connection com.mysql.cj.jdbc.ConnectionImpl@10af0b4d
2025-03-19T12:10:29.085+07:00  INFO 4658 --- [crud] [restartedMain] com.zaxxer.hikari.HikariDataSource       : HikariPool-1 - Start completed.
2025-03-19T12:10:29.819+07:00  INFO 4658 --- [crud] [restartedMain] o.s.o.j.p.SpringPersistenceUnitInfo      : No LoadTimeWeaver setup: ignoring JPA class transformer
2025-03-19T12:10:30.835+07:00  INFO 4658 --- [crud] [restartedMain] j.LocalContainerEntityManagerFactoryBean : Initialized JPA EntityManagerFactory for persistence unit 'default'
2025-03-19T12:10:30.994+07:00  WARN 4658 --- [crud] [restartedMain] JpaBaseConfiguration$JpaWebConfiguration : spring.jpa.open-in-view is enabled by default. Therefore, database queries may be performed during view rendering. Explicitly configure spring.jpa.open-in-view to disable this warning
2025-03-19T12:10:31.171+07:00 DEBUG 4658 --- [crud] [restartedMain] s.w.s.m.m.a.RequestMappingHandlerMapping : 7 mappings in 'requestMappingHandlerMapping'
2025-03-19T12:10:31.308+07:00 DEBUG 4658 --- [crud] [restartedMain] o.s.w.s.handler.SimpleUrlHandlerMapping  : Patterns [/webjars/**, /**] in 'resourceHandlerMapping'
2025-03-19T12:10:31.358+07:00 DEBUG 4658 --- [crud] [restartedMain] s.w.s.m.m.a.RequestMappingHandlerAdapter : ControllerAdvice beans: 0 @ModelAttribute, 0 @InitBinder, 1 RequestBodyAdvice, 1 ResponseBodyAdvice
2025-03-19T12:10:31.510+07:00 DEBUG 4658 --- [crud] [restartedMain] .m.m.a.ExceptionHandlerExceptionResolver : ControllerAdvice beans: 0 @ExceptionHandler, 1 ResponseBodyAdvice
2025-03-19T12:10:31.675+07:00  INFO 4658 --- [crud] [restartedMain] o.s.b.d.a.OptionalLiveReloadServer       : LiveReload server is running on port 35729
2025-03-19T12:10:31.712+07:00  INFO 4658 --- [crud] [restartedMain] o.s.b.w.embedded.tomcat.TomcatWebServer  : Tomcat started on port 8000 (http) with context path '/'
2025-03-19T12:10:31.732+07:00  INFO 4658 --- [crud] [restartedMain] com.mvc.crud.CrudApplication             : Started CrudApplication in 6.269 seconds (process running for 6.922)
2025-03-19T12:10:56.828+07:00  INFO 4658 --- [crud] [http-nio-8000-exec-2] o.a.c.c.C.[Tomcat].[localhost].[/]       : Initializing Spring DispatcherServlet 'dispatcherServlet'
2025-03-19T12:10:56.829+07:00  INFO 4658 --- [crud] [http-nio-8000-exec-2] o.s.web.servlet.DispatcherServlet        : Initializing Servlet 'dispatcherServlet'
2025-03-19T12:10:56.830+07:00 DEBUG 4658 --- [crud] [http-nio-8000-exec-2] o.s.web.servlet.DispatcherServlet        : Detected StandardServletMultipartResolver
2025-03-19T12:10:56.830+07:00 DEBUG 4658 --- [crud] [http-nio-8000-exec-2] o.s.web.servlet.DispatcherServlet        : Detected AcceptHeaderLocaleResolver
2025-03-19T12:10:56.831+07:00 DEBUG 4658 --- [crud] [http-nio-8000-exec-2] o.s.web.servlet.DispatcherServlet        : Detected FixedThemeResolver
2025-03-19T12:10:56.834+07:00 DEBUG 4658 --- [crud] [http-nio-8000-exec-2] o.s.web.servlet.DispatcherServlet        : Detected org.springframework.web.servlet.view.DefaultRequestToViewNameTranslator@47d6a575
2025-03-19T12:10:56.835+07:00 DEBUG 4658 --- [crud] [http-nio-8000-exec-2] o.s.web.servlet.DispatcherServlet        : Detected org.springframework.web.servlet.support.SessionFlashMapManager@125ff14f
2025-03-19T12:10:56.836+07:00 DEBUG 4658 --- [crud] [http-nio-8000-exec-2] o.s.web.servlet.DispatcherServlet        : enableLoggingRequestDetails='false': request parameters and headers will be masked to prevent unsafe logging of potentially sensitive data
2025-03-19T12:10:56.836+07:00  INFO 4658 --- [crud] [http-nio-8000-exec-2] o.s.web.servlet.DispatcherServlet        : Completed initialization in 6 ms
2025-03-19T12:10:56.851+07:00 DEBUG 4658 --- [crud] [http-nio-8000-exec-2] o.s.web.servlet.DispatcherServlet        : GET "/", parameters={}
2025-03-19T12:10:56.864+07:00 DEBUG 4658 --- [crud] [http-nio-8000-exec-2] s.w.s.m.m.a.RequestMappingHandlerMapping : Mapped to com.mvc.crud.controller.EmployedController#index(Model)
2025-03-19T12:10:57.276+07:00 DEBUG 4658 --- [crud] [http-nio-8000-exec-2] o.s.w.s.v.ContentNegotiatingViewResolver : Selected 'text/html' given [text/html, application/xhtml+xml, application/xml;q=0.9, */*;q=0.8]
2025-03-19T12:10:57.656+07:00 DEBUG 4658 --- [crud] [http-nio-8000-exec-2] o.s.web.servlet.DispatcherServlet        : Completed 200 OK
2025-03-19T12:10:58.465+07:00 DEBUG 4658 --- [crud] [http-nio-8000-exec-3] o.s.web.servlet.DispatcherServlet        : GET "/edit/1", parameters={}
2025-03-19T12:10:58.467+07:00 DEBUG 4658 --- [crud] [http-nio-8000-exec-3] s.w.s.m.m.a.RequestMappingHandlerMapping : Mapped to com.mvc.crud.controller.EmployedController#getEmployee(Integer)
2025-03-19T12:10:58.541+07:00 DEBUG 4658 --- [crud] [http-nio-8000-exec-3] o.s.web.servlet.DispatcherServlet        : Failed to complete request: org.springframework.dao.InvalidDataAccessApiUsageException: org.hibernate.query.sqm.UnknownEntityException: Could not resolve root entity 'employed'
2025-03-19T12:10:58.541+07:00 ERROR 4658 --- [crud] [http-nio-8000-exec-3] o.a.c.c.C.[.[.[/].[dispatcherServlet]    : Servlet.service() for servlet [dispatcherServlet] in context with path [] threw exception [Request processing failed: org.springframework.dao.InvalidDataAccessApiUsageException: org.hibernate.query.sqm.UnknownEntityException: Could not resolve root entity 'employed'] with root cause

org.hibernate.query.sqm.UnknownEntityException: Could not resolve root entity 'employed'
	at org.hibernate.query.hql.internal.SemanticQueryBuilder.resolveRootEntity(SemanticQueryBuilder.java:2129) ~[hibernate-core-6.6.8.Final.jar:6.6.8.Final]
	at org.hibernate.query.hql.internal.SemanticQueryBuilder.visitRootEntity(SemanticQueryBuilder.java:2059) ~[hibernate-core-6.6.8.Final.jar:6.6.8.Final]
	at org.hibernate.query.hql.internal.SemanticQueryBuilder.visitRootEntity(SemanticQueryBuilder.java:277) ~[hibernate-core-6.6.8.Final.jar:6.6.8.Final]
	at org.hibernate.grammars.hql.HqlParser$RootEntityContext.accept(HqlParser.java:2814) ~[hibernate-core-6.6.8.Final.jar:6.6.8.Final]
	at org.hibernate.query.hql.internal.SemanticQueryBuilder.visitEntityWithJoins(SemanticQueryBuilder.java:2029) ~[hibernate-core-6.6.8.Final.jar:6.6.8.Final]
	at org.hibernate.query.hql.internal.SemanticQueryBuilder.visitFromClause(SemanticQueryBuilder.java:2016) ~[hibernate-core-6.6.8.Final.jar:6.6.8.Final]
	at org.hibernate.query.hql.internal.SemanticQueryBuilder.visitQuery(SemanticQueryBuilder.java:1248) ~[hibernate-core-6.6.8.Final.jar:6.6.8.Final]
	at org.hibernate.query.hql.internal.SemanticQueryBuilder.visitQuerySpecExpression(SemanticQueryBuilder.java:1040) ~[hibernate-core-6.6.8.Final.jar:6.6.8.Final]
	at org.hibernate.query.hql.internal.SemanticQueryBuilder.visitQuerySpecExpression(SemanticQueryBuilder.java:277) ~[hibernate-core-6.6.8.Final.jar:6.6.8.Final]
	at org.hibernate.grammars.hql.HqlParser$QuerySpecExpressionContext.accept(HqlParser.java:2134) ~[hibernate-core-6.6.8.Final.jar:6.6.8.Final]
	at org.hibernate.query.hql.internal.SemanticQueryBuilder.visitSimpleQueryGroup(SemanticQueryBuilder.java:1025) ~[hibernate-core-6.6.8.Final.jar:6.6.8.Final]
	at org.hibernate.query.hql.internal.SemanticQueryBuilder.visitSimpleQueryGroup(SemanticQueryBuilder.java:277) ~[hibernate-core-6.6.8.Final.jar:6.6.8.Final]
	at org.hibernate.grammars.hql.HqlParser$SimpleQueryGroupContext.accept(HqlParser.java:2005) ~[hibernate-core-6.6.8.Final.jar:6.6.8.Final]
	at org.hibernate.query.hql.internal.SemanticQueryBuilder.visitSelectStatement(SemanticQueryBuilder.java:492) ~[hibernate-core-6.6.8.Final.jar:6.6.8.Final]
	at org.hibernate.query.hql.internal.SemanticQueryBuilder.visitStatement(SemanticQueryBuilder.java:451) ~[hibernate-core-6.6.8.Final.jar:6.6.8.Final]
	at org.hibernate.query.hql.internal.SemanticQueryBuilder.buildSemanticModel(SemanticQueryBuilder.java:324) ~[hibernate-core-6.6.8.Final.jar:6.6.8.Final]
	at org.hibernate.query.hql.internal.StandardHqlTranslator.translate(StandardHqlTranslator.java:71) ~[hibernate-core-6.6.8.Final.jar:6.6.8.Final]
	at org.hibernate.query.internal.QueryInterpretationCacheStandardImpl.createHqlInterpretation(QueryInterpretationCacheStandardImpl.java:145) ~[hibernate-core-6.6.8.Final.jar:6.6.8.Final]
	at org.hibernate.query.internal.QueryInterpretationCacheStandardImpl.resolveHqlInterpretation(QueryInterpretationCacheStandardImpl.java:132) ~[hibernate-core-6.6.8.Final.jar:6.6.8.Final]
	at org.hibernate.query.spi.QueryEngine.interpretHql(QueryEngine.java:54) ~[hibernate-core-6.6.8.Final.jar:6.6.8.Final]
	at org.hibernate.internal.AbstractSharedSessionContract.interpretHql(AbstractSharedSessionContract.java:832) ~[hibernate-core-6.6.8.Final.jar:6.6.8.Final]
	at org.hibernate.internal.AbstractSharedSessionContract.createQuery(AbstractSharedSessionContract.java:878) ~[hibernate-core-6.6.8.Final.jar:6.6.8.Final]
	at org.hibernate.internal.AbstractSharedSessionContract.createQuery(AbstractSharedSessionContract.java:143) ~[hibernate-core-6.6.8.Final.jar:6.6.8.Final]
	at java.base/jdk.internal.reflect.DirectMethodHandleAccessor.invoke(DirectMethodHandleAccessor.java:103) ~[na:na]
	at java.base/java.lang.reflect.Method.invoke(Method.java:580) ~[na:na]
	at org.springframework.orm.jpa.ExtendedEntityManagerCreator$ExtendedEntityManagerInvocationHandler.invoke(ExtendedEntityManagerCreator.java:364) ~[spring-orm-6.2.3.jar:6.2.3]
	at jdk.proxy4/jdk.proxy4.$Proxy117.createQuery(Unknown Source) ~[na:na]
	at java.base/jdk.internal.reflect.DirectMethodHandleAccessor.invoke(DirectMethodHandleAccessor.java:103) ~[na:na]
	at java.base/java.lang.reflect.Method.invoke(Method.java:580) ~[na:na]
	at org.springframework.orm.jpa.SharedEntityManagerCreator$SharedEntityManagerInvocationHandler.invoke(SharedEntityManagerCreator.java:320) ~[spring-orm-6.2.3.jar:6.2.3]
	at jdk.proxy4/jdk.proxy4.$Proxy117.createQuery(Unknown Source) ~[na:na]
	at com.mvc.crud.repository.EmployedRepository.findById(EmployedRepository.java:67) ~[classes/:na]
	at java.base/jdk.internal.reflect.DirectMethodHandleAccessor.invoke(DirectMethodHandleAccessor.java:103) ~[na:na]
	at java.base/java.lang.reflect.Method.invoke(Method.java:580) ~[na:na]
	at org.springframework.aop.support.AopUtils.invokeJoinpointUsingReflection(AopUtils.java:359) ~[spring-aop-6.2.3.jar:6.2.3]
	at org.springframework.aop.framework.ReflectiveMethodInvocation.invokeJoinpoint(ReflectiveMethodInvocation.java:196) ~[spring-aop-6.2.3.jar:6.2.3]
	at org.springframework.aop.framework.ReflectiveMethodInvocation.proceed(ReflectiveMethodInvocation.java:163) ~[spring-aop-6.2.3.jar:6.2.3]
	at org.springframework.dao.support.PersistenceExceptionTranslationInterceptor.invoke(PersistenceExceptionTranslationInterceptor.java:138) ~[spring-tx-6.2.3.jar:6.2.3]
	at org.springframework.aop.framework.ReflectiveMethodInvocation.proceed(ReflectiveMethodInvocation.java:184) ~[spring-aop-6.2.3.jar:6.2.3]
	at org.springframework.aop.framework.CglibAopProxy$DynamicAdvisedInterceptor.intercept(CglibAopProxy.java:727) ~[spring-aop-6.2.3.jar:6.2.3]
	at com.mvc.crud.repository.EmployedRepository$$SpringCGLIB$$0.findById(<generated>) ~[classes/:na]
	at com.mvc.crud.services.EmployedService.findById(EmployedService.java:41) ~[classes/:na]
	at com.mvc.crud.controller.EmployedController.getEmployee(EmployedController.java:42) ~[classes/:na]
	at java.base/jdk.internal.reflect.DirectMethodHandleAccessor.invoke(DirectMethodHandleAccessor.java:103) ~[na:na]
	at java.base/java.lang.reflect.Method.invoke(Method.java:580) ~[na:na]
	at org.springframework.web.method.support.InvocableHandlerMethod.doInvoke(InvocableHandlerMethod.java:257) ~[spring-web-6.2.3.jar:6.2.3]
	at org.springframework.web.method.support.InvocableHandlerMethod.invokeForRequest(InvocableHandlerMethod.java:190) ~[spring-web-6.2.3.jar:6.2.3]
	at org.springframework.web.servlet.mvc.method.annotation.ServletInvocableHandlerMethod.invokeAndHandle(ServletInvocableHandlerMethod.java:118) ~[spring-webmvc-6.2.3.jar:6.2.3]
	at org.springframework.web.servlet.mvc.method.annotation.RequestMappingHandlerAdapter.invokeHandlerMethod(RequestMappingHandlerAdapter.java:986) ~[spring-webmvc-6.2.3.jar:6.2.3]
	at org.springframework.web.servlet.mvc.method.annotation.RequestMappingHandlerAdapter.handleInternal(RequestMappingHandlerAdapter.java:891) ~[spring-webmvc-6.2.3.jar:6.2.3]
	at org.springframework.web.servlet.mvc.method.AbstractHandlerMethodAdapter.handle(AbstractHandlerMethodAdapter.java:87) ~[spring-webmvc-6.2.3.jar:6.2.3]
	at org.springframework.web.servlet.DispatcherServlet.doDispatch(DispatcherServlet.java:1088) ~[spring-webmvc-6.2.3.jar:6.2.3]
	at org.springframework.web.servlet.DispatcherServlet.doService(DispatcherServlet.java:978) ~[spring-webmvc-6.2.3.jar:6.2.3]
	at org.springframework.web.servlet.FrameworkServlet.processRequest(FrameworkServlet.java:1014) ~[spring-webmvc-6.2.3.jar:6.2.3]
	at org.springframework.web.servlet.FrameworkServlet.doGet(FrameworkServlet.java:903) ~[spring-webmvc-6.2.3.jar:6.2.3]
	at jakarta.servlet.http.HttpServlet.service(HttpServlet.java:564) ~[tomcat-embed-core-10.1.36.jar:6.0]
	at org.springframework.web.servlet.FrameworkServlet.service(FrameworkServlet.java:885) ~[spring-webmvc-6.2.3.jar:6.2.3]
	at jakarta.servlet.http.HttpServlet.service(HttpServlet.java:658) ~[tomcat-embed-core-10.1.36.jar:6.0]
	at org.apache.catalina.core.ApplicationFilterChain.internalDoFilter(ApplicationFilterChain.java:195) ~[tomcat-embed-core-10.1.36.jar:10.1.36]
	at org.apache.catalina.core.ApplicationFilterChain.doFilter(ApplicationFilterChain.java:140) ~[tomcat-embed-core-10.1.36.jar:10.1.36]
	at org.apache.tomcat.websocket.server.WsFilter.doFilter(WsFilter.java:51) ~[tomcat-embed-websocket-10.1.36.jar:10.1.36]
	at org.apache.catalina.core.ApplicationFilterChain.internalDoFilter(ApplicationFilterChain.java:164) ~[tomcat-embed-core-10.1.36.jar:10.1.36]
	at org.apache.catalina.core.ApplicationFilterChain.doFilter(ApplicationFilterChain.java:140) ~[tomcat-embed-core-10.1.36.jar:10.1.36]
	at org.springframework.web.filter.RequestContextFilter.doFilterInternal(RequestContextFilter.java:100) ~[spring-web-6.2.3.jar:6.2.3]
	at org.springframework.web.filter.OncePerRequestFilter.doFilter(OncePerRequestFilter.java:116) ~[spring-web-6.2.3.jar:6.2.3]
	at org.apache.catalina.core.ApplicationFilterChain.internalDoFilter(ApplicationFilterChain.java:164) ~[tomcat-embed-core-10.1.36.jar:10.1.36]
	at org.apache.catalina.core.ApplicationFilterChain.doFilter(ApplicationFilterChain.java:140) ~[tomcat-embed-core-10.1.36.jar:10.1.36]
	at org.springframework.web.filter.FormContentFilter.doFilterInternal(FormContentFilter.java:93) ~[spring-web-6.2.3.jar:6.2.3]
	at org.springframework.web.filter.OncePerRequestFilter.doFilter(OncePerRequestFilter.java:116) ~[spring-web-6.2.3.jar:6.2.3]
	at org.apache.catalina.core.ApplicationFilterChain.internalDoFilter(ApplicationFilterChain.java:164) ~[tomcat-embed-core-10.1.36.jar:10.1.36]
	at org.apache.catalina.core.ApplicationFilterChain.doFilter(ApplicationFilterChain.java:140) ~[tomcat-embed-core-10.1.36.jar:10.1.36]
	at org.springframework.web.filter.CharacterEncodingFilter.doFilterInternal(CharacterEncodingFilter.java:201) ~[spring-web-6.2.3.jar:6.2.3]
	at org.springframework.web.filter.OncePerRequestFilter.doFilter(OncePerRequestFilter.java:116) ~[spring-web-6.2.3.jar:6.2.3]
	at org.apache.catalina.core.ApplicationFilterChain.internalDoFilter(ApplicationFilterChain.java:164) ~[tomcat-embed-core-10.1.36.jar:10.1.36]
	at org.apache.catalina.core.ApplicationFilterChain.doFilter(ApplicationFilterChain.java:140) ~[tomcat-embed-core-10.1.36.jar:10.1.36]
	at org.apache.catalina.core.StandardWrapperValve.invoke(StandardWrapperValve.java:167) ~[tomcat-embed-core-10.1.36.jar:10.1.36]
	at org.apache.catalina.core.StandardContextValve.invoke(StandardContextValve.java:90) ~[tomcat-embed-core-10.1.36.jar:10.1.36]
	at org.apache.catalina.authenticator.AuthenticatorBase.invoke(AuthenticatorBase.java:483) ~[tomcat-embed-core-10.1.36.jar:10.1.36]
	at org.apache.catalina.core.StandardHostValve.invoke(StandardHostValve.java:115) ~[tomcat-embed-core-10.1.36.jar:10.1.36]
	at org.apache.catalina.valves.ErrorReportValve.invoke(ErrorReportValve.java:93) ~[tomcat-embed-core-10.1.36.jar:10.1.36]
	at org.apache.catalina.core.StandardEngineValve.invoke(StandardEngineValve.java:74) ~[tomcat-embed-core-10.1.36.jar:10.1.36]
	at org.apache.catalina.connector.CoyoteAdapter.service(CoyoteAdapter.java:344) ~[tomcat-embed-core-10.1.36.jar:10.1.36]
	at org.apache.coyote.http11.Http11Processor.service(Http11Processor.java:397) ~[tomcat-embed-core-10.1.36.jar:10.1.36]
	at org.apache.coyote.AbstractProcessorLight.process(AbstractProcessorLight.java:63) ~[tomcat-embed-core-10.1.36.jar:10.1.36]
	at org.apache.coyote.AbstractProtocol$ConnectionHandler.process(AbstractProtocol.java:905) ~[tomcat-embed-core-10.1.36.jar:10.1.36]
	at org.apache.tomcat.util.net.NioEndpoint$SocketProcessor.doRun(NioEndpoint.java:1743) ~[tomcat-embed-core-10.1.36.jar:10.1.36]
	at org.apache.tomcat.util.net.SocketProcessorBase.run(SocketProcessorBase.java:52) ~[tomcat-embed-core-10.1.36.jar:10.1.36]
	at org.apache.tomcat.util.threads.ThreadPoolExecutor.runWorker(ThreadPoolExecutor.java:1190) ~[tomcat-embed-core-10.1.36.jar:10.1.36]
	at org.apache.tomcat.util.threads.ThreadPoolExecutor$Worker.run(ThreadPoolExecutor.java:659) ~[tomcat-embed-core-10.1.36.jar:10.1.36]
	at org.apache.tomcat.util.threads.TaskThread$WrappingRunnable.run(TaskThread.java:63) ~[tomcat-embed-core-10.1.36.jar:10.1.36]
	at java.base/java.lang.Thread.run(Thread.java:1583) ~[na:na]

2025-03-19T12:10:58.558+07:00 DEBUG 4658 --- [crud] [http-nio-8000-exec-3] o.s.web.servlet.DispatcherServlet        : "ERROR" dispatch for GET "/error", parameters={}
2025-03-19T12:10:58.560+07:00 DEBUG 4658 --- [crud] [http-nio-8000-exec-3] s.w.s.m.m.a.RequestMappingHandlerMapping : Mapped to org.springframework.boot.autoconfigure.web.servlet.error.BasicErrorController#error(HttpServletRequest)
2025-03-19T12:10:58.585+07:00 DEBUG 4658 --- [crud] [http-nio-8000-exec-3] o.s.w.s.m.m.a.HttpEntityMethodProcessor  : Using 'application/json', given [*/*] and supported [application/json, application/*+json]
2025-03-19T12:10:58.588+07:00 DEBUG 4658 --- [crud] [http-nio-8000-exec-3] o.s.w.s.m.m.a.HttpEntityMethodProcessor  : Writing [{timestamp=Wed Mar 19 12:10:58 WIB 2025, status=500, error=Internal Server Error, trace=org.springfr (truncated)...]
2025-03-19T12:10:58.643+07:00 DEBUG 4658 --- [crud] [http-nio-8000-exec-3] o.s.web.servlet.DispatcherServlet        : Exiting from "ERROR" dispatch, status 500
2025-03-19T12:11:00.492+07:00 DEBUG 4658 --- [crud] [http-nio-8000-exec-4] o.s.web.servlet.DispatcherServlet        : POST "/", parameters={masked}
2025-03-19T12:11:00.498+07:00  WARN 4658 --- [crud] [http-nio-8000-exec-4] .w.s.m.s.DefaultHandlerExceptionResolver : Resolved [org.springframework.web.HttpRequestMethodNotSupportedException: Request method 'POST' is not supported]
2025-03-19T12:11:00.498+07:00 DEBUG 4658 --- [crud] [http-nio-8000-exec-4] o.s.web.servlet.DispatcherServlet        : Completed 405 METHOD_NOT_ALLOWED
2025-03-19T12:11:00.499+07:00 DEBUG 4658 --- [crud] [http-nio-8000-exec-4] o.s.web.servlet.DispatcherServlet        : "ERROR" dispatch for POST "/error", parameters={masked}
2025-03-19T12:11:00.500+07:00 DEBUG 4658 --- [crud] [http-nio-8000-exec-4] s.w.s.m.m.a.RequestMappingHandlerMapping : Mapped to org.springframework.boot.autoconfigure.web.servlet.error.BasicErrorController#errorHtml(HttpServletRequest, HttpServletResponse)
2025-03-19T12:11:00.510+07:00 DEBUG 4658 --- [crud] [http-nio-8000-exec-4] o.s.w.s.v.ContentNegotiatingViewResolver : Selected 'text/html' given [text/html, text/html;q=0.8]
2025-03-19T12:11:00.517+07:00 DEBUG 4658 --- [crud] [http-nio-8000-exec-4] o.s.web.servlet.DispatcherServlet        : Exiting from "ERROR" dispatch, status 405
2025-03-19T12:11:13.323+07:00 DEBUG 4658 --- [crud] [http-nio-8000-exec-5] o.s.web.servlet.DispatcherServlet        : POST "/", parameters={masked}
2025-03-19T12:11:13.325+07:00  WARN 4658 --- [crud] [http-nio-8000-exec-5] .w.s.m.s.DefaultHandlerExceptionResolver : Resolved [org.springframework.web.HttpRequestMethodNotSupportedException: Request method 'POST' is not supported]
2025-03-19T12:11:13.325+07:00 DEBUG 4658 --- [crud] [http-nio-8000-exec-5] o.s.web.servlet.DispatcherServlet        : Completed 405 METHOD_NOT_ALLOWED
2025-03-19T12:11:13.326+07:00 DEBUG 4658 --- [crud] [http-nio-8000-exec-5] o.s.web.servlet.DispatcherServlet        : "ERROR" dispatch for POST "/error", parameters={masked}
2025-03-19T12:11:13.328+07:00 DEBUG 4658 --- [crud] [http-nio-8000-exec-5] s.w.s.m.m.a.RequestMappingHandlerMapping : Mapped to org.springframework.boot.autoconfigure.web.servlet.error.BasicErrorController#errorHtml(HttpServletRequest, HttpServletResponse)
2025-03-19T12:11:13.339+07:00 DEBUG 4658 --- [crud] [http-nio-8000-exec-5] o.s.w.s.v.ContentNegotiatingViewResolver : Selected 'text/html' given [text/html, text/html;q=0.8]
2025-03-19T12:11:13.341+07:00 DEBUG 4658 --- [crud] [http-nio-8000-exec-5] o.s.web.servlet.DispatcherServlet        : Exiting from "ERROR" dispatch, status 405
2025-03-19T12:11:14.157+07:00 DEBUG 4658 --- [crud] [http-nio-8000-exec-6] o.s.web.servlet.DispatcherServlet        : GET "/", parameters={}
2025-03-19T12:11:14.158+07:00 DEBUG 4658 --- [crud] [http-nio-8000-exec-6] s.w.s.m.m.a.RequestMappingHandlerMapping : Mapped to com.mvc.crud.controller.EmployedController#index(Model)
2025-03-19T12:11:14.165+07:00 DEBUG 4658 --- [crud] [http-nio-8000-exec-6] o.s.w.s.v.ContentNegotiatingViewResolver : Selected 'text/html' given [text/html, application/xhtml+xml, application/xml;q=0.9, */*;q=0.8]
2025-03-19T12:11:14.184+07:00 DEBUG 4658 --- [crud] [http-nio-8000-exec-6] o.s.web.servlet.DispatcherServlet        : Completed 200 OK
2025-03-19T12:11:16.427+07:00 DEBUG 4658 --- [crud] [http-nio-8000-exec-7] o.s.web.servlet.DispatcherServlet        : GET "/edit/1", parameters={}
2025-03-19T12:11:16.429+07:00 DEBUG 4658 --- [crud] [http-nio-8000-exec-7] s.w.s.m.m.a.RequestMappingHandlerMapping : Mapped to com.mvc.crud.controller.EmployedController#getEmployee(Integer)
2025-03-19T12:11:16.434+07:00 DEBUG 4658 --- [crud] [http-nio-8000-exec-7] o.s.web.servlet.DispatcherServlet        : Failed to complete request: org.springframework.dao.InvalidDataAccessApiUsageException: org.hibernate.query.sqm.UnknownEntityException: Could not resolve root entity 'employed'
2025-03-19T12:11:16.435+07:00 ERROR 4658 --- [crud] [http-nio-8000-exec-7] o.a.c.c.C.[.[.[/].[dispatcherServlet]    : Servlet.service() for servlet [dispatcherServlet] in context with path [] threw exception [Request processing failed: org.springframework.dao.InvalidDataAccessApiUsageException: org.hibernate.query.sqm.UnknownEntityException: Could not resolve root entity 'employed'] with root cause

org.hibernate.query.sqm.UnknownEntityException: Could not resolve root entity 'employed'
	at org.hibernate.query.hql.internal.SemanticQueryBuilder.resolveRootEntity(SemanticQueryBuilder.java:2129) ~[hibernate-core-6.6.8.Final.jar:6.6.8.Final]
	at org.hibernate.query.hql.internal.SemanticQueryBuilder.visitRootEntity(SemanticQueryBuilder.java:2059) ~[hibernate-core-6.6.8.Final.jar:6.6.8.Final]
	at org.hibernate.query.hql.internal.SemanticQueryBuilder.visitRootEntity(SemanticQueryBuilder.java:277) ~[hibernate-core-6.6.8.Final.jar:6.6.8.Final]
	at org.hibernate.grammars.hql.HqlParser$RootEntityContext.accept(HqlParser.java:2814) ~[hibernate-core-6.6.8.Final.jar:6.6.8.Final]
	at org.hibernate.query.hql.internal.SemanticQueryBuilder.visitEntityWithJoins(SemanticQueryBuilder.java:2029) ~[hibernate-core-6.6.8.Final.jar:6.6.8.Final]
	at org.hibernate.query.hql.internal.SemanticQueryBuilder.visitFromClause(SemanticQueryBuilder.java:2016) ~[hibernate-core-6.6.8.Final.jar:6.6.8.Final]
	at org.hibernate.query.hql.internal.SemanticQueryBuilder.visitQuery(SemanticQueryBuilder.java:1248) ~[hibernate-core-6.6.8.Final.jar:6.6.8.Final]
	at org.hibernate.query.hql.internal.SemanticQueryBuilder.visitQuerySpecExpression(SemanticQueryBuilder.java:1040) ~[hibernate-core-6.6.8.Final.jar:6.6.8.Final]
	at org.hibernate.query.hql.internal.SemanticQueryBuilder.visitQuerySpecExpression(SemanticQueryBuilder.java:277) ~[hibernate-core-6.6.8.Final.jar:6.6.8.Final]
	at org.hibernate.grammars.hql.HqlParser$QuerySpecExpressionContext.accept(HqlParser.java:2134) ~[hibernate-core-6.6.8.Final.jar:6.6.8.Final]
	at org.hibernate.query.hql.internal.SemanticQueryBuilder.visitSimpleQueryGroup(SemanticQueryBuilder.java:1025) ~[hibernate-core-6.6.8.Final.jar:6.6.8.Final]
	at org.hibernate.query.hql.internal.SemanticQueryBuilder.visitSimpleQueryGroup(SemanticQueryBuilder.java:277) ~[hibernate-core-6.6.8.Final.jar:6.6.8.Final]
	at org.hibernate.grammars.hql.HqlParser$SimpleQueryGroupContext.accept(HqlParser.java:2005) ~[hibernate-core-6.6.8.Final.jar:6.6.8.Final]
	at org.hibernate.query.hql.internal.SemanticQueryBuilder.visitSelectStatement(SemanticQueryBuilder.java:492) ~[hibernate-core-6.6.8.Final.jar:6.6.8.Final]
	at org.hibernate.query.hql.internal.SemanticQueryBuilder.visitStatement(SemanticQueryBuilder.java:451) ~[hibernate-core-6.6.8.Final.jar:6.6.8.Final]
	at org.hibernate.query.hql.internal.SemanticQueryBuilder.buildSemanticModel(SemanticQueryBuilder.java:324) ~[hibernate-core-6.6.8.Final.jar:6.6.8.Final]
	at org.hibernate.query.hql.internal.StandardHqlTranslator.translate(StandardHqlTranslator.java:71) ~[hibernate-core-6.6.8.Final.jar:6.6.8.Final]
	at org.hibernate.query.internal.QueryInterpretationCacheStandardImpl.createHqlInterpretation(QueryInterpretationCacheStandardImpl.java:145) ~[hibernate-core-6.6.8.Final.jar:6.6.8.Final]
	at org.hibernate.query.internal.QueryInterpretationCacheStandardImpl.resolveHqlInterpretation(QueryInterpretationCacheStandardImpl.java:132) ~[hibernate-core-6.6.8.Final.jar:6.6.8.Final]
	at org.hibernate.query.spi.QueryEngine.interpretHql(QueryEngine.java:54) ~[hibernate-core-6.6.8.Final.jar:6.6.8.Final]
	at org.hibernate.internal.AbstractSharedSessionContract.interpretHql(AbstractSharedSessionContract.java:832) ~[hibernate-core-6.6.8.Final.jar:6.6.8.Final]
	at org.hibernate.internal.AbstractSharedSessionContract.createQuery(AbstractSharedSessionContract.java:878) ~[hibernate-core-6.6.8.Final.jar:6.6.8.Final]
	at org.hibernate.internal.AbstractSharedSessionContract.createQuery(AbstractSharedSessionContract.java:143) ~[hibernate-core-6.6.8.Final.jar:6.6.8.Final]
	at java.base/jdk.internal.reflect.DirectMethodHandleAccessor.invoke(DirectMethodHandleAccessor.java:103) ~[na:na]
	at java.base/java.lang.reflect.Method.invoke(Method.java:580) ~[na:na]
	at org.springframework.orm.jpa.ExtendedEntityManagerCreator$ExtendedEntityManagerInvocationHandler.invoke(ExtendedEntityManagerCreator.java:364) ~[spring-orm-6.2.3.jar:6.2.3]
	at jdk.proxy4/jdk.proxy4.$Proxy117.createQuery(Unknown Source) ~[na:na]
	at java.base/jdk.internal.reflect.DirectMethodHandleAccessor.invoke(DirectMethodHandleAccessor.java:103) ~[na:na]
	at java.base/java.lang.reflect.Method.invoke(Method.java:580) ~[na:na]
	at org.springframework.orm.jpa.SharedEntityManagerCreator$SharedEntityManagerInvocationHandler.invoke(SharedEntityManagerCreator.java:320) ~[spring-orm-6.2.3.jar:6.2.3]
	at jdk.proxy4/jdk.proxy4.$Proxy117.createQuery(Unknown Source) ~[na:na]
	at com.mvc.crud.repository.EmployedRepository.findById(EmployedRepository.java:67) ~[classes/:na]
	at java.base/jdk.internal.reflect.DirectMethodHandleAccessor.invoke(DirectMethodHandleAccessor.java:103) ~[na:na]
	at java.base/java.lang.reflect.Method.invoke(Method.java:580) ~[na:na]
	at org.springframework.aop.support.AopUtils.invokeJoinpointUsingReflection(AopUtils.java:359) ~[spring-aop-6.2.3.jar:6.2.3]
	at org.springframework.aop.framework.ReflectiveMethodInvocation.invokeJoinpoint(ReflectiveMethodInvocation.java:196) ~[spring-aop-6.2.3.jar:6.2.3]
	at org.springframework.aop.framework.ReflectiveMethodInvocation.proceed(ReflectiveMethodInvocation.java:163) ~[spring-aop-6.2.3.jar:6.2.3]
	at org.springframework.dao.support.PersistenceExceptionTranslationInterceptor.invoke(PersistenceExceptionTranslationInterceptor.java:138) ~[spring-tx-6.2.3.jar:6.2.3]
	at org.springframework.aop.framework.ReflectiveMethodInvocation.proceed(ReflectiveMethodInvocation.java:184) ~[spring-aop-6.2.3.jar:6.2.3]
	at org.springframework.aop.framework.CglibAopProxy$DynamicAdvisedInterceptor.intercept(CglibAopProxy.java:727) ~[spring-aop-6.2.3.jar:6.2.3]
	at com.mvc.crud.repository.EmployedRepository$$SpringCGLIB$$0.findById(<generated>) ~[classes/:na]
	at com.mvc.crud.services.EmployedService.findById(EmployedService.java:41) ~[classes/:na]
	at com.mvc.crud.controller.EmployedController.getEmployee(EmployedController.java:42) ~[classes/:na]
	at java.base/jdk.internal.reflect.DirectMethodHandleAccessor.invoke(DirectMethodHandleAccessor.java:103) ~[na:na]
	at java.base/java.lang.reflect.Method.invoke(Method.java:580) ~[na:na]
	at org.springframework.web.method.support.InvocableHandlerMethod.doInvoke(InvocableHandlerMethod.java:257) ~[spring-web-6.2.3.jar:6.2.3]
	at org.springframework.web.method.support.InvocableHandlerMethod.invokeForRequest(InvocableHandlerMethod.java:190) ~[spring-web-6.2.3.jar:6.2.3]
	at org.springframework.web.servlet.mvc.method.annotation.ServletInvocableHandlerMethod.invokeAndHandle(ServletInvocableHandlerMethod.java:118) ~[spring-webmvc-6.2.3.jar:6.2.3]
	at org.springframework.web.servlet.mvc.method.annotation.RequestMappingHandlerAdapter.invokeHandlerMethod(RequestMappingHandlerAdapter.java:986) ~[spring-webmvc-6.2.3.jar:6.2.3]
	at org.springframework.web.servlet.mvc.method.annotation.RequestMappingHandlerAdapter.handleInternal(RequestMappingHandlerAdapter.java:891) ~[spring-webmvc-6.2.3.jar:6.2.3]
	at org.springframework.web.servlet.mvc.method.AbstractHandlerMethodAdapter.handle(AbstractHandlerMethodAdapter.java:87) ~[spring-webmvc-6.2.3.jar:6.2.3]
	at org.springframework.web.servlet.DispatcherServlet.doDispatch(DispatcherServlet.java:1088) ~[spring-webmvc-6.2.3.jar:6.2.3]
	at org.springframework.web.servlet.DispatcherServlet.doService(DispatcherServlet.java:978) ~[spring-webmvc-6.2.3.jar:6.2.3]
	at org.springframework.web.servlet.FrameworkServlet.processRequest(FrameworkServlet.java:1014) ~[spring-webmvc-6.2.3.jar:6.2.3]
	at org.springframework.web.servlet.FrameworkServlet.doGet(FrameworkServlet.java:903) ~[spring-webmvc-6.2.3.jar:6.2.3]
	at jakarta.servlet.http.HttpServlet.service(HttpServlet.java:564) ~[tomcat-embed-core-10.1.36.jar:6.0]
	at org.springframework.web.servlet.FrameworkServlet.service(FrameworkServlet.java:885) ~[spring-webmvc-6.2.3.jar:6.2.3]
	at jakarta.servlet.http.HttpServlet.service(HttpServlet.java:658) ~[tomcat-embed-core-10.1.36.jar:6.0]
	at org.apache.catalina.core.ApplicationFilterChain.internalDoFilter(ApplicationFilterChain.java:195) ~[tomcat-embed-core-10.1.36.jar:10.1.36]
	at org.apache.catalina.core.ApplicationFilterChain.doFilter(ApplicationFilterChain.java:140) ~[tomcat-embed-core-10.1.36.jar:10.1.36]
	at org.apache.tomcat.websocket.server.WsFilter.doFilter(WsFilter.java:51) ~[tomcat-embed-websocket-10.1.36.jar:10.1.36]
	at org.apache.catalina.core.ApplicationFilterChain.internalDoFilter(ApplicationFilterChain.java:164) ~[tomcat-embed-core-10.1.36.jar:10.1.36]
	at org.apache.catalina.core.ApplicationFilterChain.doFilter(ApplicationFilterChain.java:140) ~[tomcat-embed-core-10.1.36.jar:10.1.36]
	at org.springframework.web.filter.RequestContextFilter.doFilterInternal(RequestContextFilter.java:100) ~[spring-web-6.2.3.jar:6.2.3]
	at org.springframework.web.filter.OncePerRequestFilter.doFilter(OncePerRequestFilter.java:116) ~[spring-web-6.2.3.jar:6.2.3]
	at org.apache.catalina.core.ApplicationFilterChain.internalDoFilter(ApplicationFilterChain.java:164) ~[tomcat-embed-core-10.1.36.jar:10.1.36]
	at org.apache.catalina.core.ApplicationFilterChain.doFilter(ApplicationFilterChain.java:140) ~[tomcat-embed-core-10.1.36.jar:10.1.36]
	at org.springframework.web.filter.FormContentFilter.doFilterInternal(FormContentFilter.java:93) ~[spring-web-6.2.3.jar:6.2.3]
	at org.springframework.web.filter.OncePerRequestFilter.doFilter(OncePerRequestFilter.java:116) ~[spring-web-6.2.3.jar:6.2.3]
	at org.apache.catalina.core.ApplicationFilterChain.internalDoFilter(ApplicationFilterChain.java:164) ~[tomcat-embed-core-10.1.36.jar:10.1.36]
	at org.apache.catalina.core.ApplicationFilterChain.doFilter(ApplicationFilterChain.java:140) ~[tomcat-embed-core-10.1.36.jar:10.1.36]
	at org.springframework.web.filter.CharacterEncodingFilter.doFilterInternal(CharacterEncodingFilter.java:201) ~[spring-web-6.2.3.jar:6.2.3]
	at org.springframework.web.filter.OncePerRequestFilter.doFilter(OncePerRequestFilter.java:116) ~[spring-web-6.2.3.jar:6.2.3]
	at org.apache.catalina.core.ApplicationFilterChain.internalDoFilter(ApplicationFilterChain.java:164) ~[tomcat-embed-core-10.1.36.jar:10.1.36]
	at org.apache.catalina.core.ApplicationFilterChain.doFilter(ApplicationFilterChain.java:140) ~[tomcat-embed-core-10.1.36.jar:10.1.36]
	at org.apache.catalina.core.StandardWrapperValve.invoke(StandardWrapperValve.java:167) ~[tomcat-embed-core-10.1.36.jar:10.1.36]
	at org.apache.catalina.core.StandardContextValve.invoke(StandardContextValve.java:90) ~[tomcat-embed-core-10.1.36.jar:10.1.36]
	at org.apache.catalina.authenticator.AuthenticatorBase.invoke(AuthenticatorBase.java:483) ~[tomcat-embed-core-10.1.36.jar:10.1.36]
	at org.apache.catalina.core.StandardHostValve.invoke(StandardHostValve.java:115) ~[tomcat-embed-core-10.1.36.jar:10.1.36]
	at org.apache.catalina.valves.ErrorReportValve.invoke(ErrorReportValve.java:93) ~[tomcat-embed-core-10.1.36.jar:10.1.36]
	at org.apache.catalina.core.StandardEngineValve.invoke(StandardEngineValve.java:74) ~[tomcat-embed-core-10.1.36.jar:10.1.36]
	at org.apache.catalina.connector.CoyoteAdapter.service(CoyoteAdapter.java:344) ~[tomcat-embed-core-10.1.36.jar:10.1.36]
	at org.apache.coyote.http11.Http11Processor.service(Http11Processor.java:397) ~[tomcat-embed-core-10.1.36.jar:10.1.36]
	at org.apache.coyote.AbstractProcessorLight.process(AbstractProcessorLight.java:63) ~[tomcat-embed-core-10.1.36.jar:10.1.36]
	at org.apache.coyote.AbstractProtocol$ConnectionHandler.process(AbstractProtocol.java:905) ~[tomcat-embed-core-10.1.36.jar:10.1.36]
	at org.apache.tomcat.util.net.NioEndpoint$SocketProcessor.doRun(NioEndpoint.java:1743) ~[tomcat-embed-core-10.1.36.jar:10.1.36]
	at org.apache.tomcat.util.net.SocketProcessorBase.run(SocketProcessorBase.java:52) ~[tomcat-embed-core-10.1.36.jar:10.1.36]
	at org.apache.tomcat.util.threads.ThreadPoolExecutor.runWorker(ThreadPoolExecutor.java:1190) ~[tomcat-embed-core-10.1.36.jar:10.1.36]
	at org.apache.tomcat.util.threads.ThreadPoolExecutor$Worker.run(ThreadPoolExecutor.java:659) ~[tomcat-embed-core-10.1.36.jar:10.1.36]
	at org.apache.tomcat.util.threads.TaskThread$WrappingRunnable.run(TaskThread.java:63) ~[tomcat-embed-core-10.1.36.jar:10.1.36]
	at java.base/java.lang.Thread.run(Thread.java:1583) ~[na:na]

2025-03-19T12:11:16.437+07:00 DEBUG 4658 --- [crud] [http-nio-8000-exec-7] o.s.web.servlet.DispatcherServlet        : "ERROR" dispatch for GET "/error", parameters={}
2025-03-19T12:11:16.438+07:00 DEBUG 4658 --- [crud] [http-nio-8000-exec-7] s.w.s.m.m.a.RequestMappingHandlerMapping : Mapped to org.springframework.boot.autoconfigure.web.servlet.error.BasicErrorController#error(HttpServletRequest)
2025-03-19T12:11:16.440+07:00 DEBUG 4658 --- [crud] [http-nio-8000-exec-7] o.s.w.s.m.m.a.HttpEntityMethodProcessor  : Using 'application/json', given [*/*] and supported [application/json, application/*+json]
2025-03-19T12:11:16.441+07:00 DEBUG 4658 --- [crud] [http-nio-8000-exec-7] o.s.w.s.m.m.a.HttpEntityMethodProcessor  : Writing [{timestamp=Wed Mar 19 12:11:16 WIB 2025, status=500, error=Internal Server Error, trace=org.springfr (truncated)...]
2025-03-19T12:11:16.443+07:00 DEBUG 4658 --- [crud] [http-nio-8000-exec-7] o.s.web.servlet.DispatcherServlet        : Exiting from "ERROR" dispatch, status 500
2025-03-19T12:11:18.427+07:00 DEBUG 4658 --- [crud] [http-nio-8000-exec-8] o.s.web.servlet.DispatcherServlet        : GET "/edit/3", parameters={}
2025-03-19T12:11:18.429+07:00 DEBUG 4658 --- [crud] [http-nio-8000-exec-8] s.w.s.m.m.a.RequestMappingHandlerMapping : Mapped to com.mvc.crud.controller.EmployedController#getEmployee(Integer)
2025-03-19T12:11:18.433+07:00 DEBUG 4658 --- [crud] [http-nio-8000-exec-8] o.s.web.servlet.DispatcherServlet        : Failed to complete request: org.springframework.dao.InvalidDataAccessApiUsageException: org.hibernate.query.sqm.UnknownEntityException: Could not resolve root entity 'employed'
2025-03-19T12:11:18.434+07:00 ERROR 4658 --- [crud] [http-nio-8000-exec-8] o.a.c.c.C.[.[.[/].[dispatcherServlet]    : Servlet.service() for servlet [dispatcherServlet] in context with path [] threw exception [Request processing failed: org.springframework.dao.InvalidDataAccessApiUsageException: org.hibernate.query.sqm.UnknownEntityException: Could not resolve root entity 'employed'] with root cause

org.hibernate.query.sqm.UnknownEntityException: Could not resolve root entity 'employed'
	at org.hibernate.query.hql.internal.SemanticQueryBuilder.resolveRootEntity(SemanticQueryBuilder.java:2129) ~[hibernate-core-6.6.8.Final.jar:6.6.8.Final]
	at org.hibernate.query.hql.internal.SemanticQueryBuilder.visitRootEntity(SemanticQueryBuilder.java:2059) ~[hibernate-core-6.6.8.Final.jar:6.6.8.Final]
	at org.hibernate.query.hql.internal.SemanticQueryBuilder.visitRootEntity(SemanticQueryBuilder.java:277) ~[hibernate-core-6.6.8.Final.jar:6.6.8.Final]
	at org.hibernate.grammars.hql.HqlParser$RootEntityContext.accept(HqlParser.java:2814) ~[hibernate-core-6.6.8.Final.jar:6.6.8.Final]
	at org.hibernate.query.hql.internal.SemanticQueryBuilder.visitEntityWithJoins(SemanticQueryBuilder.java:2029) ~[hibernate-core-6.6.8.Final.jar:6.6.8.Final]
	at org.hibernate.query.hql.internal.SemanticQueryBuilder.visitFromClause(SemanticQueryBuilder.java:2016) ~[hibernate-core-6.6.8.Final.jar:6.6.8.Final]
	at org.hibernate.query.hql.internal.SemanticQueryBuilder.visitQuery(SemanticQueryBuilder.java:1248) ~[hibernate-core-6.6.8.Final.jar:6.6.8.Final]
	at org.hibernate.query.hql.internal.SemanticQueryBuilder.visitQuerySpecExpression(SemanticQueryBuilder.java:1040) ~[hibernate-core-6.6.8.Final.jar:6.6.8.Final]
	at org.hibernate.query.hql.internal.SemanticQueryBuilder.visitQuerySpecExpression(SemanticQueryBuilder.java:277) ~[hibernate-core-6.6.8.Final.jar:6.6.8.Final]
	at org.hibernate.grammars.hql.HqlParser$QuerySpecExpressionContext.accept(HqlParser.java:2134) ~[hibernate-core-6.6.8.Final.jar:6.6.8.Final]
	at org.hibernate.query.hql.internal.SemanticQueryBuilder.visitSimpleQueryGroup(SemanticQueryBuilder.java:1025) ~[hibernate-core-6.6.8.Final.jar:6.6.8.Final]
	at org.hibernate.query.hql.internal.SemanticQueryBuilder.visitSimpleQueryGroup(SemanticQueryBuilder.java:277) ~[hibernate-core-6.6.8.Final.jar:6.6.8.Final]
	at org.hibernate.grammars.hql.HqlParser$SimpleQueryGroupContext.accept(HqlParser.java:2005) ~[hibernate-core-6.6.8.Final.jar:6.6.8.Final]
	at org.hibernate.query.hql.internal.SemanticQueryBuilder.visitSelectStatement(SemanticQueryBuilder.java:492) ~[hibernate-core-6.6.8.Final.jar:6.6.8.Final]
	at org.hibernate.query.hql.internal.SemanticQueryBuilder.visitStatement(SemanticQueryBuilder.java:451) ~[hibernate-core-6.6.8.Final.jar:6.6.8.Final]
	at org.hibernate.query.hql.internal.SemanticQueryBuilder.buildSemanticModel(SemanticQueryBuilder.java:324) ~[hibernate-core-6.6.8.Final.jar:6.6.8.Final]
	at org.hibernate.query.hql.internal.StandardHqlTranslator.translate(StandardHqlTranslator.java:71) ~[hibernate-core-6.6.8.Final.jar:6.6.8.Final]
	at org.hibernate.query.internal.QueryInterpretationCacheStandardImpl.createHqlInterpretation(QueryInterpretationCacheStandardImpl.java:145) ~[hibernate-core-6.6.8.Final.jar:6.6.8.Final]
	at org.hibernate.query.internal.QueryInterpretationCacheStandardImpl.resolveHqlInterpretation(QueryInterpretationCacheStandardImpl.java:132) ~[hibernate-core-6.6.8.Final.jar:6.6.8.Final]
	at org.hibernate.query.spi.QueryEngine.interpretHql(QueryEngine.java:54) ~[hibernate-core-6.6.8.Final.jar:6.6.8.Final]
	at org.hibernate.internal.AbstractSharedSessionContract.interpretHql(AbstractSharedSessionContract.java:832) ~[hibernate-core-6.6.8.Final.jar:6.6.8.Final]
	at org.hibernate.internal.AbstractSharedSessionContract.createQuery(AbstractSharedSessionContract.java:878) ~[hibernate-core-6.6.8.Final.jar:6.6.8.Final]
	at org.hibernate.internal.AbstractSharedSessionContract.createQuery(AbstractSharedSessionContract.java:143) ~[hibernate-core-6.6.8.Final.jar:6.6.8.Final]
	at java.base/jdk.internal.reflect.DirectMethodHandleAccessor.invoke(DirectMethodHandleAccessor.java:103) ~[na:na]
	at java.base/java.lang.reflect.Method.invoke(Method.java:580) ~[na:na]
	at org.springframework.orm.jpa.ExtendedEntityManagerCreator$ExtendedEntityManagerInvocationHandler.invoke(ExtendedEntityManagerCreator.java:364) ~[spring-orm-6.2.3.jar:6.2.3]
	at jdk.proxy4/jdk.proxy4.$Proxy117.createQuery(Unknown Source) ~[na:na]
	at java.base/jdk.internal.reflect.DirectMethodHandleAccessor.invoke(DirectMethodHandleAccessor.java:103) ~[na:na]
	at java.base/java.lang.reflect.Method.invoke(Method.java:580) ~[na:na]
	at org.springframework.orm.jpa.SharedEntityManagerCreator$SharedEntityManagerInvocationHandler.invoke(SharedEntityManagerCreator.java:320) ~[spring-orm-6.2.3.jar:6.2.3]
	at jdk.proxy4/jdk.proxy4.$Proxy117.createQuery(Unknown Source) ~[na:na]
	at com.mvc.crud.repository.EmployedRepository.findById(EmployedRepository.java:67) ~[classes/:na]
	at java.base/jdk.internal.reflect.DirectMethodHandleAccessor.invoke(DirectMethodHandleAccessor.java:103) ~[na:na]
	at java.base/java.lang.reflect.Method.invoke(Method.java:580) ~[na:na]
	at org.springframework.aop.support.AopUtils.invokeJoinpointUsingReflection(AopUtils.java:359) ~[spring-aop-6.2.3.jar:6.2.3]
	at org.springframework.aop.framework.ReflectiveMethodInvocation.invokeJoinpoint(ReflectiveMethodInvocation.java:196) ~[spring-aop-6.2.3.jar:6.2.3]
	at org.springframework.aop.framework.ReflectiveMethodInvocation.proceed(ReflectiveMethodInvocation.java:163) ~[spring-aop-6.2.3.jar:6.2.3]
	at org.springframework.dao.support.PersistenceExceptionTranslationInterceptor.invoke(PersistenceExceptionTranslationInterceptor.java:138) ~[spring-tx-6.2.3.jar:6.2.3]
	at org.springframework.aop.framework.ReflectiveMethodInvocation.proceed(ReflectiveMethodInvocation.java:184) ~[spring-aop-6.2.3.jar:6.2.3]
	at org.springframework.aop.framework.CglibAopProxy$DynamicAdvisedInterceptor.intercept(CglibAopProxy.java:727) ~[spring-aop-6.2.3.jar:6.2.3]
	at com.mvc.crud.repository.EmployedRepository$$SpringCGLIB$$0.findById(<generated>) ~[classes/:na]
	at com.mvc.crud.services.EmployedService.findById(EmployedService.java:41) ~[classes/:na]
	at com.mvc.crud.controller.EmployedController.getEmployee(EmployedController.java:42) ~[classes/:na]
	at java.base/jdk.internal.reflect.DirectMethodHandleAccessor.invoke(DirectMethodHandleAccessor.java:103) ~[na:na]
	at java.base/java.lang.reflect.Method.invoke(Method.java:580) ~[na:na]
	at org.springframework.web.method.support.InvocableHandlerMethod.doInvoke(InvocableHandlerMethod.java:257) ~[spring-web-6.2.3.jar:6.2.3]
	at org.springframework.web.method.support.InvocableHandlerMethod.invokeForRequest(InvocableHandlerMethod.java:190) ~[spring-web-6.2.3.jar:6.2.3]
	at org.springframework.web.servlet.mvc.method.annotation.ServletInvocableHandlerMethod.invokeAndHandle(ServletInvocableHandlerMethod.java:118) ~[spring-webmvc-6.2.3.jar:6.2.3]
	at org.springframework.web.servlet.mvc.method.annotation.RequestMappingHandlerAdapter.invokeHandlerMethod(RequestMappingHandlerAdapter.java:986) ~[spring-webmvc-6.2.3.jar:6.2.3]
	at org.springframework.web.servlet.mvc.method.annotation.RequestMappingHandlerAdapter.handleInternal(RequestMappingHandlerAdapter.java:891) ~[spring-webmvc-6.2.3.jar:6.2.3]
	at org.springframework.web.servlet.mvc.method.AbstractHandlerMethodAdapter.handle(AbstractHandlerMethodAdapter.java:87) ~[spring-webmvc-6.2.3.jar:6.2.3]
	at org.springframework.web.servlet.DispatcherServlet.doDispatch(DispatcherServlet.java:1088) ~[spring-webmvc-6.2.3.jar:6.2.3]
	at org.springframework.web.servlet.DispatcherServlet.doService(DispatcherServlet.java:978) ~[spring-webmvc-6.2.3.jar:6.2.3]
	at org.springframework.web.servlet.FrameworkServlet.processRequest(FrameworkServlet.java:1014) ~[spring-webmvc-6.2.3.jar:6.2.3]
	at org.springframework.web.servlet.FrameworkServlet.doGet(FrameworkServlet.java:903) ~[spring-webmvc-6.2.3.jar:6.2.3]
	at jakarta.servlet.http.HttpServlet.service(HttpServlet.java:564) ~[tomcat-embed-core-10.1.36.jar:6.0]
	at org.springframework.web.servlet.FrameworkServlet.service(FrameworkServlet.java:885) ~[spring-webmvc-6.2.3.jar:6.2.3]
	at jakarta.servlet.http.HttpServlet.service(HttpServlet.java:658) ~[tomcat-embed-core-10.1.36.jar:6.0]
	at org.apache.catalina.core.ApplicationFilterChain.internalDoFilter(ApplicationFilterChain.java:195) ~[tomcat-embed-core-10.1.36.jar:10.1.36]
	at org.apache.catalina.core.ApplicationFilterChain.doFilter(ApplicationFilterChain.java:140) ~[tomcat-embed-core-10.1.36.jar:10.1.36]
	at org.apache.tomcat.websocket.server.WsFilter.doFilter(WsFilter.java:51) ~[tomcat-embed-websocket-10.1.36.jar:10.1.36]
	at org.apache.catalina.core.ApplicationFilterChain.internalDoFilter(ApplicationFilterChain.java:164) ~[tomcat-embed-core-10.1.36.jar:10.1.36]
	at org.apache.catalina.core.ApplicationFilterChain.doFilter(ApplicationFilterChain.java:140) ~[tomcat-embed-core-10.1.36.jar:10.1.36]
	at org.springframework.web.filter.RequestContextFilter.doFilterInternal(RequestContextFilter.java:100) ~[spring-web-6.2.3.jar:6.2.3]
	at org.springframework.web.filter.OncePerRequestFilter.doFilter(OncePerRequestFilter.java:116) ~[spring-web-6.2.3.jar:6.2.3]
	at org.apache.catalina.core.ApplicationFilterChain.internalDoFilter(ApplicationFilterChain.java:164) ~[tomcat-embed-core-10.1.36.jar:10.1.36]
	at org.apache.catalina.core.ApplicationFilterChain.doFilter(ApplicationFilterChain.java:140) ~[tomcat-embed-core-10.1.36.jar:10.1.36]
	at org.springframework.web.filter.FormContentFilter.doFilterInternal(FormContentFilter.java:93) ~[spring-web-6.2.3.jar:6.2.3]
	at org.springframework.web.filter.OncePerRequestFilter.doFilter(OncePerRequestFilter.java:116) ~[spring-web-6.2.3.jar:6.2.3]
	at org.apache.catalina.core.ApplicationFilterChain.internalDoFilter(ApplicationFilterChain.java:164) ~[tomcat-embed-core-10.1.36.jar:10.1.36]
	at org.apache.catalina.core.ApplicationFilterChain.doFilter(ApplicationFilterChain.java:140) ~[tomcat-embed-core-10.1.36.jar:10.1.36]
	at org.springframework.web.filter.CharacterEncodingFilter.doFilterInternal(CharacterEncodingFilter.java:201) ~[spring-web-6.2.3.jar:6.2.3]
	at org.springframework.web.filter.OncePerRequestFilter.doFilter(OncePerRequestFilter.java:116) ~[spring-web-6.2.3.jar:6.2.3]
	at org.apache.catalina.core.ApplicationFilterChain.internalDoFilter(ApplicationFilterChain.java:164) ~[tomcat-embed-core-10.1.36.jar:10.1.36]
	at org.apache.catalina.core.ApplicationFilterChain.doFilter(ApplicationFilterChain.java:140) ~[tomcat-embed-core-10.1.36.jar:10.1.36]
	at org.apache.catalina.core.StandardWrapperValve.invoke(StandardWrapperValve.java:167) ~[tomcat-embed-core-10.1.36.jar:10.1.36]
	at org.apache.catalina.core.StandardContextValve.invoke(StandardContextValve.java:90) ~[tomcat-embed-core-10.1.36.jar:10.1.36]
	at org.apache.catalina.authenticator.AuthenticatorBase.invoke(AuthenticatorBase.java:483) ~[tomcat-embed-core-10.1.36.jar:10.1.36]
	at org.apache.catalina.core.StandardHostValve.invoke(StandardHostValve.java:115) ~[tomcat-embed-core-10.1.36.jar:10.1.36]
	at org.apache.catalina.valves.ErrorReportValve.invoke(ErrorReportValve.java:93) ~[tomcat-embed-core-10.1.36.jar:10.1.36]
	at org.apache.catalina.core.StandardEngineValve.invoke(StandardEngineValve.java:74) ~[tomcat-embed-core-10.1.36.jar:10.1.36]
	at org.apache.catalina.connector.CoyoteAdapter.service(CoyoteAdapter.java:344) ~[tomcat-embed-core-10.1.36.jar:10.1.36]
	at org.apache.coyote.http11.Http11Processor.service(Http11Processor.java:397) ~[tomcat-embed-core-10.1.36.jar:10.1.36]
	at org.apache.coyote.AbstractProcessorLight.process(AbstractProcessorLight.java:63) ~[tomcat-embed-core-10.1.36.jar:10.1.36]
	at org.apache.coyote.AbstractProtocol$ConnectionHandler.process(AbstractProtocol.java:905) ~[tomcat-embed-core-10.1.36.jar:10.1.36]
	at org.apache.tomcat.util.net.NioEndpoint$SocketProcessor.doRun(NioEndpoint.java:1743) ~[tomcat-embed-core-10.1.36.jar:10.1.36]
	at org.apache.tomcat.util.net.SocketProcessorBase.run(SocketProcessorBase.java:52) ~[tomcat-embed-core-10.1.36.jar:10.1.36]
	at org.apache.tomcat.util.threads.ThreadPoolExecutor.runWorker(ThreadPoolExecutor.java:1190) ~[tomcat-embed-core-10.1.36.jar:10.1.36]
	at org.apache.tomcat.util.threads.ThreadPoolExecutor$Worker.run(ThreadPoolExecutor.java:659) ~[tomcat-embed-core-10.1.36.jar:10.1.36]
	at org.apache.tomcat.util.threads.TaskThread$WrappingRunnable.run(TaskThread.java:63) ~[tomcat-embed-core-10.1.36.jar:10.1.36]
	at java.base/java.lang.Thread.run(Thread.java:1583) ~[na:na]

2025-03-19T12:11:18.437+07:00 DEBUG 4658 --- [crud] [http-nio-8000-exec-8] o.s.web.servlet.DispatcherServlet        : "ERROR" dispatch for GET "/error", parameters={}
2025-03-19T12:11:18.438+07:00 DEBUG 4658 --- [crud] [http-nio-8000-exec-8] s.w.s.m.m.a.RequestMappingHandlerMapping : Mapped to org.springframework.boot.autoconfigure.web.servlet.error.BasicErrorController#error(HttpServletRequest)
2025-03-19T12:11:18.441+07:00 DEBUG 4658 --- [crud] [http-nio-8000-exec-8] o.s.w.s.m.m.a.HttpEntityMethodProcessor  : Using 'application/json', given [*/*] and supported [application/json, application/*+json]
2025-03-19T12:11:18.441+07:00 DEBUG 4658 --- [crud] [http-nio-8000-exec-8] o.s.w.s.m.m.a.HttpEntityMethodProcessor  : Writing [{timestamp=Wed Mar 19 12:11:18 WIB 2025, status=500, error=Internal Server Error, trace=org.springfr (truncated)...]
2025-03-19T12:11:18.444+07:00 DEBUG 4658 --- [crud] [http-nio-8000-exec-8] o.s.web.servlet.DispatcherServlet        : Exiting from "ERROR" dispatch, status 500
2025-03-19T12:11:21.020+07:00 DEBUG 4658 --- [crud] [http-nio-8000-exec-9] o.s.web.servlet.DispatcherServlet        : GET "/", parameters={}
2025-03-19T12:11:21.021+07:00 DEBUG 4658 --- [crud] [http-nio-8000-exec-9] s.w.s.m.m.a.RequestMappingHandlerMapping : Mapped to com.mvc.crud.controller.EmployedController#index(Model)
2025-03-19T12:11:21.027+07:00 DEBUG 4658 --- [crud] [http-nio-8000-exec-9] o.s.w.s.v.ContentNegotiatingViewResolver : Selected 'text/html' given [text/html, application/xhtml+xml, application/xml;q=0.9, */*;q=0.8]
2025-03-19T12:11:21.036+07:00 DEBUG 4658 --- [crud] [http-nio-8000-exec-9] o.s.web.servlet.DispatcherServlet        : Completed 200 OK
2025-03-19T12:11:21.909+07:00 DEBUG 4658 --- [crud] [http-nio-8000-exec-10] o.s.web.servlet.DispatcherServlet        : GET "/", parameters={}
2025-03-19T12:11:21.911+07:00 DEBUG 4658 --- [crud] [http-nio-8000-exec-10] s.w.s.m.m.a.RequestMappingHandlerMapping : Mapped to com.mvc.crud.controller.EmployedController#index(Model)
2025-03-19T12:11:21.918+07:00 DEBUG 4658 --- [crud] [http-nio-8000-exec-10] o.s.w.s.v.ContentNegotiatingViewResolver : Selected 'text/html' given [text/html, application/xhtml+xml, application/xml;q=0.9, */*;q=0.8]
2025-03-19T12:11:21.928+07:00 DEBUG 4658 --- [crud] [http-nio-8000-exec-10] o.s.web.servlet.DispatcherServlet        : Completed 200 OK
2025-03-19T12:11:25.041+07:00 DEBUG 4658 --- [crud] [http-nio-8000-exec-1] o.s.web.servlet.DispatcherServlet        : GET "/edit/1", parameters={}
2025-03-19T12:11:25.043+07:00 DEBUG 4658 --- [crud] [http-nio-8000-exec-1] s.w.s.m.m.a.RequestMappingHandlerMapping : Mapped to com.mvc.crud.controller.EmployedController#getEmployee(Integer)
2025-03-19T12:11:25.050+07:00 DEBUG 4658 --- [crud] [http-nio-8000-exec-1] o.s.web.servlet.DispatcherServlet        : Failed to complete request: org.springframework.dao.InvalidDataAccessApiUsageException: org.hibernate.query.sqm.UnknownEntityException: Could not resolve root entity 'employed'
2025-03-19T12:11:25.052+07:00 ERROR 4658 --- [crud] [http-nio-8000-exec-1] o.a.c.c.C.[.[.[/].[dispatcherServlet]    : Servlet.service() for servlet [dispatcherServlet] in context with path [] threw exception [Request processing failed: org.springframework.dao.InvalidDataAccessApiUsageException: org.hibernate.query.sqm.UnknownEntityException: Could not resolve root entity 'employed'] with root cause

org.hibernate.query.sqm.UnknownEntityException: Could not resolve root entity 'employed'
	at org.hibernate.query.hql.internal.SemanticQueryBuilder.resolveRootEntity(SemanticQueryBuilder.java:2129) ~[hibernate-core-6.6.8.Final.jar:6.6.8.Final]
	at org.hibernate.query.hql.internal.SemanticQueryBuilder.visitRootEntity(SemanticQueryBuilder.java:2059) ~[hibernate-core-6.6.8.Final.jar:6.6.8.Final]
	at org.hibernate.query.hql.internal.SemanticQueryBuilder.visitRootEntity(SemanticQueryBuilder.java:277) ~[hibernate-core-6.6.8.Final.jar:6.6.8.Final]
	at org.hibernate.grammars.hql.HqlParser$RootEntityContext.accept(HqlParser.java:2814) ~[hibernate-core-6.6.8.Final.jar:6.6.8.Final]
	at org.hibernate.query.hql.internal.SemanticQueryBuilder.visitEntityWithJoins(SemanticQueryBuilder.java:2029) ~[hibernate-core-6.6.8.Final.jar:6.6.8.Final]
	at org.hibernate.query.hql.internal.SemanticQueryBuilder.visitFromClause(SemanticQueryBuilder.java:2016) ~[hibernate-core-6.6.8.Final.jar:6.6.8.Final]
	at org.hibernate.query.hql.internal.SemanticQueryBuilder.visitQuery(SemanticQueryBuilder.java:1248) ~[hibernate-core-6.6.8.Final.jar:6.6.8.Final]
	at org.hibernate.query.hql.internal.SemanticQueryBuilder.visitQuerySpecExpression(SemanticQueryBuilder.java:1040) ~[hibernate-core-6.6.8.Final.jar:6.6.8.Final]
	at org.hibernate.query.hql.internal.SemanticQueryBuilder.visitQuerySpecExpression(SemanticQueryBuilder.java:277) ~[hibernate-core-6.6.8.Final.jar:6.6.8.Final]
	at org.hibernate.grammars.hql.HqlParser$QuerySpecExpressionContext.accept(HqlParser.java:2134) ~[hibernate-core-6.6.8.Final.jar:6.6.8.Final]
	at org.hibernate.query.hql.internal.SemanticQueryBuilder.visitSimpleQueryGroup(SemanticQueryBuilder.java:1025) ~[hibernate-core-6.6.8.Final.jar:6.6.8.Final]
	at org.hibernate.query.hql.internal.SemanticQueryBuilder.visitSimpleQueryGroup(SemanticQueryBuilder.java:277) ~[hibernate-core-6.6.8.Final.jar:6.6.8.Final]
	at org.hibernate.grammars.hql.HqlParser$SimpleQueryGroupContext.accept(HqlParser.java:2005) ~[hibernate-core-6.6.8.Final.jar:6.6.8.Final]
	at org.hibernate.query.hql.internal.SemanticQueryBuilder.visitSelectStatement(SemanticQueryBuilder.java:492) ~[hibernate-core-6.6.8.Final.jar:6.6.8.Final]
	at org.hibernate.query.hql.internal.SemanticQueryBuilder.visitStatement(SemanticQueryBuilder.java:451) ~[hibernate-core-6.6.8.Final.jar:6.6.8.Final]
	at org.hibernate.query.hql.internal.SemanticQueryBuilder.buildSemanticModel(SemanticQueryBuilder.java:324) ~[hibernate-core-6.6.8.Final.jar:6.6.8.Final]
	at org.hibernate.query.hql.internal.StandardHqlTranslator.translate(StandardHqlTranslator.java:71) ~[hibernate-core-6.6.8.Final.jar:6.6.8.Final]
	at org.hibernate.query.internal.QueryInterpretationCacheStandardImpl.createHqlInterpretation(QueryInterpretationCacheStandardImpl.java:145) ~[hibernate-core-6.6.8.Final.jar:6.6.8.Final]
	at org.hibernate.query.internal.QueryInterpretationCacheStandardImpl.resolveHqlInterpretation(QueryInterpretationCacheStandardImpl.java:132) ~[hibernate-core-6.6.8.Final.jar:6.6.8.Final]
	at org.hibernate.query.spi.QueryEngine.interpretHql(QueryEngine.java:54) ~[hibernate-core-6.6.8.Final.jar:6.6.8.Final]
	at org.hibernate.internal.AbstractSharedSessionContract.interpretHql(AbstractSharedSessionContract.java:832) ~[hibernate-core-6.6.8.Final.jar:6.6.8.Final]
	at org.hibernate.internal.AbstractSharedSessionContract.createQuery(AbstractSharedSessionContract.java:878) ~[hibernate-core-6.6.8.Final.jar:6.6.8.Final]
	at org.hibernate.internal.AbstractSharedSessionContract.createQuery(AbstractSharedSessionContract.java:143) ~[hibernate-core-6.6.8.Final.jar:6.6.8.Final]
	at java.base/jdk.internal.reflect.DirectMethodHandleAccessor.invoke(DirectMethodHandleAccessor.java:103) ~[na:na]
	at java.base/java.lang.reflect.Method.invoke(Method.java:580) ~[na:na]
	at org.springframework.orm.jpa.ExtendedEntityManagerCreator$ExtendedEntityManagerInvocationHandler.invoke(ExtendedEntityManagerCreator.java:364) ~[spring-orm-6.2.3.jar:6.2.3]
	at jdk.proxy4/jdk.proxy4.$Proxy117.createQuery(Unknown Source) ~[na:na]
	at java.base/jdk.internal.reflect.DirectMethodHandleAccessor.invoke(DirectMethodHandleAccessor.java:103) ~[na:na]
	at java.base/java.lang.reflect.Method.invoke(Method.java:580) ~[na:na]
	at org.springframework.orm.jpa.SharedEntityManagerCreator$SharedEntityManagerInvocationHandler.invoke(SharedEntityManagerCreator.java:320) ~[spring-orm-6.2.3.jar:6.2.3]
	at jdk.proxy4/jdk.proxy4.$Proxy117.createQuery(Unknown Source) ~[na:na]
	at com.mvc.crud.repository.EmployedRepository.findById(EmployedRepository.java:67) ~[classes/:na]
	at java.base/jdk.internal.reflect.DirectMethodHandleAccessor.invoke(DirectMethodHandleAccessor.java:103) ~[na:na]
	at java.base/java.lang.reflect.Method.invoke(Method.java:580) ~[na:na]
	at org.springframework.aop.support.AopUtils.invokeJoinpointUsingReflection(AopUtils.java:359) ~[spring-aop-6.2.3.jar:6.2.3]
	at org.springframework.aop.framework.ReflectiveMethodInvocation.invokeJoinpoint(ReflectiveMethodInvocation.java:196) ~[spring-aop-6.2.3.jar:6.2.3]
	at org.springframework.aop.framework.ReflectiveMethodInvocation.proceed(ReflectiveMethodInvocation.java:163) ~[spring-aop-6.2.3.jar:6.2.3]
	at org.springframework.dao.support.PersistenceExceptionTranslationInterceptor.invoke(PersistenceExceptionTranslationInterceptor.java:138) ~[spring-tx-6.2.3.jar:6.2.3]
	at org.springframework.aop.framework.ReflectiveMethodInvocation.proceed(ReflectiveMethodInvocation.java:184) ~[spring-aop-6.2.3.jar:6.2.3]
	at org.springframework.aop.framework.CglibAopProxy$DynamicAdvisedInterceptor.intercept(CglibAopProxy.java:727) ~[spring-aop-6.2.3.jar:6.2.3]
	at com.mvc.crud.repository.EmployedRepository$$SpringCGLIB$$0.findById(<generated>) ~[classes/:na]
	at com.mvc.crud.services.EmployedService.findById(EmployedService.java:41) ~[classes/:na]
	at com.mvc.crud.controller.EmployedController.getEmployee(EmployedController.java:42) ~[classes/:na]
	at java.base/jdk.internal.reflect.DirectMethodHandleAccessor.invoke(DirectMethodHandleAccessor.java:103) ~[na:na]
	at java.base/java.lang.reflect.Method.invoke(Method.java:580) ~[na:na]
	at org.springframework.web.method.support.InvocableHandlerMethod.doInvoke(InvocableHandlerMethod.java:257) ~[spring-web-6.2.3.jar:6.2.3]
	at org.springframework.web.method.support.InvocableHandlerMethod.invokeForRequest(InvocableHandlerMethod.java:190) ~[spring-web-6.2.3.jar:6.2.3]
	at org.springframework.web.servlet.mvc.method.annotation.ServletInvocableHandlerMethod.invokeAndHandle(ServletInvocableHandlerMethod.java:118) ~[spring-webmvc-6.2.3.jar:6.2.3]
	at org.springframework.web.servlet.mvc.method.annotation.RequestMappingHandlerAdapter.invokeHandlerMethod(RequestMappingHandlerAdapter.java:986) ~[spring-webmvc-6.2.3.jar:6.2.3]
	at org.springframework.web.servlet.mvc.method.annotation.RequestMappingHandlerAdapter.handleInternal(RequestMappingHandlerAdapter.java:891) ~[spring-webmvc-6.2.3.jar:6.2.3]
	at org.springframework.web.servlet.mvc.method.AbstractHandlerMethodAdapter.handle(AbstractHandlerMethodAdapter.java:87) ~[spring-webmvc-6.2.3.jar:6.2.3]
	at org.springframework.web.servlet.DispatcherServlet.doDispatch(DispatcherServlet.java:1088) ~[spring-webmvc-6.2.3.jar:6.2.3]
	at org.springframework.web.servlet.DispatcherServlet.doService(DispatcherServlet.java:978) ~[spring-webmvc-6.2.3.jar:6.2.3]
	at org.springframework.web.servlet.FrameworkServlet.processRequest(FrameworkServlet.java:1014) ~[spring-webmvc-6.2.3.jar:6.2.3]
	at org.springframework.web.servlet.FrameworkServlet.doGet(FrameworkServlet.java:903) ~[spring-webmvc-6.2.3.jar:6.2.3]
	at jakarta.servlet.http.HttpServlet.service(HttpServlet.java:564) ~[tomcat-embed-core-10.1.36.jar:6.0]
	at org.springframework.web.servlet.FrameworkServlet.service(FrameworkServlet.java:885) ~[spring-webmvc-6.2.3.jar:6.2.3]
	at jakarta.servlet.http.HttpServlet.service(HttpServlet.java:658) ~[tomcat-embed-core-10.1.36.jar:6.0]
	at org.apache.catalina.core.ApplicationFilterChain.internalDoFilter(ApplicationFilterChain.java:195) ~[tomcat-embed-core-10.1.36.jar:10.1.36]
	at org.apache.catalina.core.ApplicationFilterChain.doFilter(ApplicationFilterChain.java:140) ~[tomcat-embed-core-10.1.36.jar:10.1.36]
	at org.apache.tomcat.websocket.server.WsFilter.doFilter(WsFilter.java:51) ~[tomcat-embed-websocket-10.1.36.jar:10.1.36]
	at org.apache.catalina.core.ApplicationFilterChain.internalDoFilter(ApplicationFilterChain.java:164) ~[tomcat-embed-core-10.1.36.jar:10.1.36]
	at org.apache.catalina.core.ApplicationFilterChain.doFilter(ApplicationFilterChain.java:140) ~[tomcat-embed-core-10.1.36.jar:10.1.36]
	at org.springframework.web.filter.RequestContextFilter.doFilterInternal(RequestContextFilter.java:100) ~[spring-web-6.2.3.jar:6.2.3]
	at org.springframework.web.filter.OncePerRequestFilter.doFilter(OncePerRequestFilter.java:116) ~[spring-web-6.2.3.jar:6.2.3]
	at org.apache.catalina.core.ApplicationFilterChain.internalDoFilter(ApplicationFilterChain.java:164) ~[tomcat-embed-core-10.1.36.jar:10.1.36]
	at org.apache.catalina.core.ApplicationFilterChain.doFilter(ApplicationFilterChain.java:140) ~[tomcat-embed-core-10.1.36.jar:10.1.36]
	at org.springframework.web.filter.FormContentFilter.doFilterInternal(FormContentFilter.java:93) ~[spring-web-6.2.3.jar:6.2.3]
	at org.springframework.web.filter.OncePerRequestFilter.doFilter(OncePerRequestFilter.java:116) ~[spring-web-6.2.3.jar:6.2.3]
	at org.apache.catalina.core.ApplicationFilterChain.internalDoFilter(ApplicationFilterChain.java:164) ~[tomcat-embed-core-10.1.36.jar:10.1.36]
	at org.apache.catalina.core.ApplicationFilterChain.doFilter(ApplicationFilterChain.java:140) ~[tomcat-embed-core-10.1.36.jar:10.1.36]
	at org.springframework.web.filter.CharacterEncodingFilter.doFilterInternal(CharacterEncodingFilter.java:201) ~[spring-web-6.2.3.jar:6.2.3]
	at org.springframework.web.filter.OncePerRequestFilter.doFilter(OncePerRequestFilter.java:116) ~[spring-web-6.2.3.jar:6.2.3]
	at org.apache.catalina.core.ApplicationFilterChain.internalDoFilter(ApplicationFilterChain.java:164) ~[tomcat-embed-core-10.1.36.jar:10.1.36]
	at org.apache.catalina.core.ApplicationFilterChain.doFilter(ApplicationFilterChain.java:140) ~[tomcat-embed-core-10.1.36.jar:10.1.36]
	at org.apache.catalina.core.StandardWrapperValve.invoke(StandardWrapperValve.java:167) ~[tomcat-embed-core-10.1.36.jar:10.1.36]
	at org.apache.catalina.core.StandardContextValve.invoke(StandardContextValve.java:90) ~[tomcat-embed-core-10.1.36.jar:10.1.36]
	at org.apache.catalina.authenticator.AuthenticatorBase.invoke(AuthenticatorBase.java:483) ~[tomcat-embed-core-10.1.36.jar:10.1.36]
	at org.apache.catalina.core.StandardHostValve.invoke(StandardHostValve.java:115) ~[tomcat-embed-core-10.1.36.jar:10.1.36]
	at org.apache.catalina.valves.ErrorReportValve.invoke(ErrorReportValve.java:93) ~[tomcat-embed-core-10.1.36.jar:10.1.36]
	at org.apache.catalina.core.StandardEngineValve.invoke(StandardEngineValve.java:74) ~[tomcat-embed-core-10.1.36.jar:10.1.36]
	at org.apache.catalina.connector.CoyoteAdapter.service(CoyoteAdapter.java:344) ~[tomcat-embed-core-10.1.36.jar:10.1.36]
	at org.apache.coyote.http11.Http11Processor.service(Http11Processor.java:397) ~[tomcat-embed-core-10.1.36.jar:10.1.36]
	at org.apache.coyote.AbstractProcessorLight.process(AbstractProcessorLight.java:63) ~[tomcat-embed-core-10.1.36.jar:10.1.36]
	at org.apache.coyote.AbstractProtocol$ConnectionHandler.process(AbstractProtocol.java:905) ~[tomcat-embed-core-10.1.36.jar:10.1.36]
	at org.apache.tomcat.util.net.NioEndpoint$SocketProcessor.doRun(NioEndpoint.java:1743) ~[tomcat-embed-core-10.1.36.jar:10.1.36]
	at org.apache.tomcat.util.net.SocketProcessorBase.run(SocketProcessorBase.java:52) ~[tomcat-embed-core-10.1.36.jar:10.1.36]
	at org.apache.tomcat.util.threads.ThreadPoolExecutor.runWorker(ThreadPoolExecutor.java:1190) ~[tomcat-embed-core-10.1.36.jar:10.1.36]
	at org.apache.tomcat.util.threads.ThreadPoolExecutor$Worker.run(ThreadPoolExecutor.java:659) ~[tomcat-embed-core-10.1.36.jar:10.1.36]
	at org.apache.tomcat.util.threads.TaskThread$WrappingRunnable.run(TaskThread.java:63) ~[tomcat-embed-core-10.1.36.jar:10.1.36]
	at java.base/java.lang.Thread.run(Thread.java:1583) ~[na:na]

2025-03-19T12:11:25.056+07:00 DEBUG 4658 --- [crud] [http-nio-8000-exec-1] o.s.web.servlet.DispatcherServlet        : "ERROR" dispatch for GET "/error", parameters={}
2025-03-19T12:11:25.058+07:00 DEBUG 4658 --- [crud] [http-nio-8000-exec-1] s.w.s.m.m.a.RequestMappingHandlerMapping : Mapped to org.springframework.boot.autoconfigure.web.servlet.error.BasicErrorController#error(HttpServletRequest)
2025-03-19T12:11:25.061+07:00 DEBUG 4658 --- [crud] [http-nio-8000-exec-1] o.s.w.s.m.m.a.HttpEntityMethodProcessor  : Using 'application/json', given [*/*] and supported [application/json, application/*+json]
2025-03-19T12:11:25.062+07:00 DEBUG 4658 --- [crud] [http-nio-8000-exec-1] o.s.w.s.m.m.a.HttpEntityMethodProcessor  : Writing [{timestamp=Wed Mar 19 12:11:25 WIB 2025, status=500, error=Internal Server Error, trace=org.springfr (truncated)...]
2025-03-19T12:11:25.066+07:00 DEBUG 4658 --- [crud] [http-nio-8000-exec-1] o.s.web.servlet.DispatcherServlet        : Exiting from "ERROR" dispatch, status 500
2025-03-19T12:12:01.861+07:00  INFO 4658 --- [crud] [SpringApplicationShutdownHook] o.s.b.w.e.tomcat.GracefulShutdown        : Commencing graceful shutdown. Waiting for active requests to complete
2025-03-19T12:12:01.864+07:00  INFO 4658 --- [crud] [tomcat-shutdown] o.s.b.w.e.tomcat.GracefulShutdown        : Graceful shutdown complete
2025-03-19T12:12:01.868+07:00  INFO 4658 --- [crud] [SpringApplicationShutdownHook] j.LocalContainerEntityManagerFactoryBean : Closing JPA EntityManagerFactory for persistence unit 'default'
2025-03-19T12:12:01.871+07:00  INFO 4658 --- [crud] [SpringApplicationShutdownHook] com.zaxxer.hikari.HikariDataSource       : HikariPool-1 - Shutdown initiated...
2025-03-19T12:12:01.881+07:00  INFO 4658 --- [crud] [SpringApplicationShutdownHook] com.zaxxer.hikari.HikariDataSource       : HikariPool-1 - Shutdown completed.
2025-03-19T12:12:05.697+07:00  INFO 4761 --- [crud] [restartedMain] com.mvc.crud.CrudApplication             : Starting CrudApplication using Java 21.0.5 with PID 4761 (/home/tony/Documents/Spring Boot Course/Section 7 - MVC CRUD/target/classes started by tony in /home/tony/Documents/Spring Boot Course/Section 7 - MVC CRUD)
2025-03-19T12:12:05.701+07:00  INFO 4761 --- [crud] [restartedMain] com.mvc.crud.CrudApplication             : No active profile set, falling back to 1 default profile: "default"
2025-03-19T12:12:05.780+07:00  INFO 4761 --- [crud] [restartedMain] .e.DevToolsPropertyDefaultsPostProcessor : Devtools property defaults active! Set 'spring.devtools.add-properties' to 'false' to disable
2025-03-19T12:12:05.780+07:00  INFO 4761 --- [crud] [restartedMain] .e.DevToolsPropertyDefaultsPostProcessor : For additional web related logging consider setting the 'logging.level.web' property to 'DEBUG'
2025-03-19T12:12:06.720+07:00  INFO 4761 --- [crud] [restartedMain] .s.d.r.c.RepositoryConfigurationDelegate : Bootstrapping Spring Data JPA repositories in DEFAULT mode.
2025-03-19T12:12:06.749+07:00  INFO 4761 --- [crud] [restartedMain] .s.d.r.c.RepositoryConfigurationDelegate : Finished Spring Data repository scanning in 17 ms. Found 0 JPA repository interfaces.
2025-03-19T12:12:07.598+07:00  INFO 4761 --- [crud] [restartedMain] o.s.b.w.embedded.tomcat.TomcatWebServer  : Tomcat initialized with port 8000 (http)
2025-03-19T12:12:07.621+07:00  INFO 4761 --- [crud] [restartedMain] o.apache.catalina.core.StandardService   : Starting service [Tomcat]
2025-03-19T12:12:07.622+07:00  INFO 4761 --- [crud] [restartedMain] o.apache.catalina.core.StandardEngine    : Starting Servlet engine: [Apache Tomcat/10.1.36]
2025-03-19T12:12:07.699+07:00  INFO 4761 --- [crud] [restartedMain] o.a.c.c.C.[Tomcat].[localhost].[/]       : Initializing Spring embedded WebApplicationContext
2025-03-19T12:12:07.700+07:00  INFO 4761 --- [crud] [restartedMain] w.s.c.ServletWebServerApplicationContext : Root WebApplicationContext: initialization completed in 1919 ms
2025-03-19T12:12:07.944+07:00  INFO 4761 --- [crud] [restartedMain] com.zaxxer.hikari.HikariDataSource       : HikariPool-1 - Starting...
2025-03-19T12:12:08.688+07:00  INFO 4761 --- [crud] [restartedMain] com.zaxxer.hikari.pool.HikariPool        : HikariPool-1 - Added connection com.mysql.cj.jdbc.ConnectionImpl@7b780ffb
2025-03-19T12:12:08.694+07:00  INFO 4761 --- [crud] [restartedMain] com.zaxxer.hikari.HikariDataSource       : HikariPool-1 - Start completed.
2025-03-19T12:12:09.314+07:00  INFO 4761 --- [crud] [restartedMain] o.s.o.j.p.SpringPersistenceUnitInfo      : No LoadTimeWeaver setup: ignoring JPA class transformer
2025-03-19T12:12:10.382+07:00  INFO 4761 --- [crud] [restartedMain] j.LocalContainerEntityManagerFactoryBean : Initialized JPA EntityManagerFactory for persistence unit 'default'
2025-03-19T12:12:10.532+07:00  WARN 4761 --- [crud] [restartedMain] JpaBaseConfiguration$JpaWebConfiguration : spring.jpa.open-in-view is enabled by default. Therefore, database queries may be performed during view rendering. Explicitly configure spring.jpa.open-in-view to disable this warning
2025-03-19T12:12:10.666+07:00 DEBUG 4761 --- [crud] [restartedMain] s.w.s.m.m.a.RequestMappingHandlerMapping : 7 mappings in 'requestMappingHandlerMapping'
2025-03-19T12:12:10.785+07:00 DEBUG 4761 --- [crud] [restartedMain] o.s.w.s.handler.SimpleUrlHandlerMapping  : Patterns [/webjars/**, /**] in 'resourceHandlerMapping'
2025-03-19T12:12:10.831+07:00 DEBUG 4761 --- [crud] [restartedMain] s.w.s.m.m.a.RequestMappingHandlerAdapter : ControllerAdvice beans: 0 @ModelAttribute, 0 @InitBinder, 1 RequestBodyAdvice, 1 ResponseBodyAdvice
2025-03-19T12:12:10.960+07:00 DEBUG 4761 --- [crud] [restartedMain] .m.m.a.ExceptionHandlerExceptionResolver : ControllerAdvice beans: 0 @ExceptionHandler, 1 ResponseBodyAdvice
2025-03-19T12:12:11.078+07:00  INFO 4761 --- [crud] [restartedMain] o.s.b.d.a.OptionalLiveReloadServer       : LiveReload server is running on port 35729
2025-03-19T12:12:11.111+07:00  INFO 4761 --- [crud] [restartedMain] o.s.b.w.embedded.tomcat.TomcatWebServer  : Tomcat started on port 8000 (http) with context path '/'
2025-03-19T12:12:11.124+07:00  INFO 4761 --- [crud] [restartedMain] com.mvc.crud.CrudApplication             : Started CrudApplication in 6.221 seconds (process running for 6.887)
2025-03-19T12:12:11.496+07:00  INFO 4761 --- [crud] [http-nio-8000-exec-1] o.a.c.c.C.[Tomcat].[localhost].[/]       : Initializing Spring DispatcherServlet 'dispatcherServlet'
2025-03-19T12:12:11.496+07:00  INFO 4761 --- [crud] [http-nio-8000-exec-1] o.s.web.servlet.DispatcherServlet        : Initializing Servlet 'dispatcherServlet'
2025-03-19T12:12:11.497+07:00 DEBUG 4761 --- [crud] [http-nio-8000-exec-1] o.s.web.servlet.DispatcherServlet        : Detected StandardServletMultipartResolver
2025-03-19T12:12:11.497+07:00 DEBUG 4761 --- [crud] [http-nio-8000-exec-1] o.s.web.servlet.DispatcherServlet        : Detected AcceptHeaderLocaleResolver
2025-03-19T12:12:11.497+07:00 DEBUG 4761 --- [crud] [http-nio-8000-exec-1] o.s.web.servlet.DispatcherServlet        : Detected FixedThemeResolver
2025-03-19T12:12:11.499+07:00 DEBUG 4761 --- [crud] [http-nio-8000-exec-1] o.s.web.servlet.DispatcherServlet        : Detected org.springframework.web.servlet.view.DefaultRequestToViewNameTranslator@311311dd
2025-03-19T12:12:11.500+07:00 DEBUG 4761 --- [crud] [http-nio-8000-exec-1] o.s.web.servlet.DispatcherServlet        : Detected org.springframework.web.servlet.support.SessionFlashMapManager@3023da3d
2025-03-19T12:12:11.500+07:00 DEBUG 4761 --- [crud] [http-nio-8000-exec-1] o.s.web.servlet.DispatcherServlet        : enableLoggingRequestDetails='false': request parameters and headers will be masked to prevent unsafe logging of potentially sensitive data
2025-03-19T12:12:11.501+07:00  INFO 4761 --- [crud] [http-nio-8000-exec-1] o.s.web.servlet.DispatcherServlet        : Completed initialization in 4 ms
2025-03-19T12:12:11.513+07:00 DEBUG 4761 --- [crud] [http-nio-8000-exec-1] o.s.web.servlet.DispatcherServlet        : GET "/", parameters={}
2025-03-19T12:12:11.527+07:00 DEBUG 4761 --- [crud] [http-nio-8000-exec-1] s.w.s.m.m.a.RequestMappingHandlerMapping : Mapped to com.mvc.crud.controller.EmployedController#index(Model)
2025-03-19T12:12:11.957+07:00 DEBUG 4761 --- [crud] [http-nio-8000-exec-1] o.s.w.s.v.ContentNegotiatingViewResolver : Selected 'text/html' given [text/html, application/xhtml+xml, application/xml;q=0.9, */*;q=0.8]
2025-03-19T12:12:12.285+07:00 DEBUG 4761 --- [crud] [http-nio-8000-exec-1] o.s.web.servlet.DispatcherServlet        : Completed 200 OK
2025-03-19T12:12:13.329+07:00 DEBUG 4761 --- [crud] [http-nio-8000-exec-2] o.s.web.servlet.DispatcherServlet        : GET "/edit/1", parameters={}
2025-03-19T12:12:13.330+07:00 DEBUG 4761 --- [crud] [http-nio-8000-exec-2] s.w.s.m.m.a.RequestMappingHandlerMapping : Mapped to com.mvc.crud.controller.EmployedController#getEmployee(Integer)
2025-03-19T12:12:13.506+07:00 DEBUG 4761 --- [crud] [http-nio-8000-exec-2] m.m.a.RequestResponseBodyMethodProcessor : Using 'application/json', given [*/*] and supported [application/json, application/*+json]
2025-03-19T12:12:13.509+07:00 DEBUG 4761 --- [crud] [http-nio-8000-exec-2] m.m.a.RequestResponseBodyMethodProcessor : Writing [Employed{city='Surakarta', id=1, firstName='Fathoni', lastName='W J', email='fathoniwasesojati@gmail (truncated)...]
2025-03-19T12:12:13.528+07:00 DEBUG 4761 --- [crud] [http-nio-8000-exec-2] o.s.web.servlet.DispatcherServlet        : Completed 200 OK
2025-03-19T12:12:16.418+07:00 DEBUG 4761 --- [crud] [http-nio-8000-exec-3] o.s.web.servlet.DispatcherServlet        : POST "/update/1", parameters={masked}
2025-03-19T12:12:16.419+07:00 DEBUG 4761 --- [crud] [http-nio-8000-exec-3] s.w.s.m.m.a.RequestMappingHandlerMapping : Mapped to com.mvc.crud.controller.EmployedController#update(Integer, Employed, BindingResult, Model)
2025-03-19T12:12:16.748+07:00 DEBUG 4761 --- [crud] [http-nio-8000-exec-3] o.s.web.servlet.DispatcherServlet        : Failed to complete request: org.springframework.dao.InvalidDataAccessApiUsageException: org.hibernate.query.sqm.UnknownEntityException: Could not resolve root entity 'employed'
2025-03-19T12:12:16.749+07:00 ERROR 4761 --- [crud] [http-nio-8000-exec-3] o.a.c.c.C.[.[.[/].[dispatcherServlet]    : Servlet.service() for servlet [dispatcherServlet] in context with path [] threw exception [Request processing failed: org.springframework.dao.InvalidDataAccessApiUsageException: org.hibernate.query.sqm.UnknownEntityException: Could not resolve root entity 'employed'] with root cause

org.hibernate.query.sqm.UnknownEntityException: Could not resolve root entity 'employed'
	at org.hibernate.query.hql.internal.SemanticQueryBuilder.resolveRootEntity(SemanticQueryBuilder.java:2129) ~[hibernate-core-6.6.8.Final.jar:6.6.8.Final]
	at org.hibernate.query.hql.internal.SemanticQueryBuilder.visitRootEntity(SemanticQueryBuilder.java:2059) ~[hibernate-core-6.6.8.Final.jar:6.6.8.Final]
	at org.hibernate.query.hql.internal.SemanticQueryBuilder.visitRootEntity(SemanticQueryBuilder.java:277) ~[hibernate-core-6.6.8.Final.jar:6.6.8.Final]
	at org.hibernate.grammars.hql.HqlParser$RootEntityContext.accept(HqlParser.java:2814) ~[hibernate-core-6.6.8.Final.jar:6.6.8.Final]
	at org.hibernate.query.hql.internal.SemanticQueryBuilder.visitEntityWithJoins(SemanticQueryBuilder.java:2029) ~[hibernate-core-6.6.8.Final.jar:6.6.8.Final]
	at org.hibernate.query.hql.internal.SemanticQueryBuilder.visitUpdateStatement(SemanticQueryBuilder.java:676) ~[hibernate-core-6.6.8.Final.jar:6.6.8.Final]
	at org.hibernate.query.hql.internal.SemanticQueryBuilder.visitStatement(SemanticQueryBuilder.java:459) ~[hibernate-core-6.6.8.Final.jar:6.6.8.Final]
	at org.hibernate.query.hql.internal.SemanticQueryBuilder.buildSemanticModel(SemanticQueryBuilder.java:324) ~[hibernate-core-6.6.8.Final.jar:6.6.8.Final]
	at org.hibernate.query.hql.internal.StandardHqlTranslator.translate(StandardHqlTranslator.java:71) ~[hibernate-core-6.6.8.Final.jar:6.6.8.Final]
	at org.hibernate.query.internal.QueryInterpretationCacheStandardImpl.createHqlInterpretation(QueryInterpretationCacheStandardImpl.java:145) ~[hibernate-core-6.6.8.Final.jar:6.6.8.Final]
	at org.hibernate.query.internal.QueryInterpretationCacheStandardImpl.resolveHqlInterpretation(QueryInterpretationCacheStandardImpl.java:132) ~[hibernate-core-6.6.8.Final.jar:6.6.8.Final]
	at org.hibernate.query.spi.QueryEngine.interpretHql(QueryEngine.java:54) ~[hibernate-core-6.6.8.Final.jar:6.6.8.Final]
	at org.hibernate.internal.AbstractSharedSessionContract.interpretHql(AbstractSharedSessionContract.java:832) ~[hibernate-core-6.6.8.Final.jar:6.6.8.Final]
	at org.hibernate.internal.AbstractSharedSessionContract.createQuery(AbstractSharedSessionContract.java:878) ~[hibernate-core-6.6.8.Final.jar:6.6.8.Final]
	at org.hibernate.internal.AbstractSharedSessionContract.createQuery(AbstractSharedSessionContract.java:796) ~[hibernate-core-6.6.8.Final.jar:6.6.8.Final]
	at org.hibernate.internal.AbstractSharedSessionContract.createQuery(AbstractSharedSessionContract.java:143) ~[hibernate-core-6.6.8.Final.jar:6.6.8.Final]
	at java.base/jdk.internal.reflect.DirectMethodHandleAccessor.invoke(DirectMethodHandleAccessor.java:103) ~[na:na]
	at java.base/java.lang.reflect.Method.invoke(Method.java:580) ~[na:na]
	at org.springframework.orm.jpa.ExtendedEntityManagerCreator$ExtendedEntityManagerInvocationHandler.invoke(ExtendedEntityManagerCreator.java:364) ~[spring-orm-6.2.3.jar:6.2.3]
	at jdk.proxy4/jdk.proxy4.$Proxy117.createQuery(Unknown Source) ~[na:na]
	at java.base/jdk.internal.reflect.DirectMethodHandleAccessor.invoke(DirectMethodHandleAccessor.java:103) ~[na:na]
	at java.base/java.lang.reflect.Method.invoke(Method.java:580) ~[na:na]
	at org.springframework.orm.jpa.SharedEntityManagerCreator$SharedEntityManagerInvocationHandler.invoke(SharedEntityManagerCreator.java:320) ~[spring-orm-6.2.3.jar:6.2.3]
	at jdk.proxy4/jdk.proxy4.$Proxy117.createQuery(Unknown Source) ~[na:na]
	at com.mvc.crud.repository.EmployedRepository.updated(EmployedRepository.java:49) ~[classes/:na]
	at java.base/jdk.internal.reflect.DirectMethodHandleAccessor.invoke(DirectMethodHandleAccessor.java:103) ~[na:na]
	at java.base/java.lang.reflect.Method.invoke(Method.java:580) ~[na:na]
	at org.springframework.aop.support.AopUtils.invokeJoinpointUsingReflection(AopUtils.java:359) ~[spring-aop-6.2.3.jar:6.2.3]
	at org.springframework.aop.framework.ReflectiveMethodInvocation.invokeJoinpoint(ReflectiveMethodInvocation.java:196) ~[spring-aop-6.2.3.jar:6.2.3]
	at org.springframework.aop.framework.ReflectiveMethodInvocation.proceed(ReflectiveMethodInvocation.java:163) ~[spring-aop-6.2.3.jar:6.2.3]
	at org.springframework.dao.support.PersistenceExceptionTranslationInterceptor.invoke(PersistenceExceptionTranslationInterceptor.java:138) ~[spring-tx-6.2.3.jar:6.2.3]
	at org.springframework.aop.framework.ReflectiveMethodInvocation.proceed(ReflectiveMethodInvocation.java:184) ~[spring-aop-6.2.3.jar:6.2.3]
	at org.springframework.transaction.interceptor.TransactionAspectSupport.invokeWithinTransaction(TransactionAspectSupport.java:380) ~[spring-tx-6.2.3.jar:6.2.3]
	at org.springframework.transaction.interceptor.TransactionInterceptor.invoke(TransactionInterceptor.java:119) ~[spring-tx-6.2.3.jar:6.2.3]
	at org.springframework.aop.framework.ReflectiveMethodInvocation.proceed(ReflectiveMethodInvocation.java:184) ~[spring-aop-6.2.3.jar:6.2.3]
	at org.springframework.aop.framework.CglibAopProxy$DynamicAdvisedInterceptor.intercept(CglibAopProxy.java:727) ~[spring-aop-6.2.3.jar:6.2.3]
	at com.mvc.crud.repository.EmployedRepository$$SpringCGLIB$$0.updated(<generated>) ~[classes/:na]
	at com.mvc.crud.services.EmployedService.updated(EmployedService.java:31) ~[classes/:na]
	at com.mvc.crud.controller.EmployedController.update(EmployedController.java:53) ~[classes/:na]
	at java.base/jdk.internal.reflect.DirectMethodHandleAccessor.invoke(DirectMethodHandleAccessor.java:103) ~[na:na]
	at java.base/java.lang.reflect.Method.invoke(Method.java:580) ~[na:na]
	at org.springframework.web.method.support.InvocableHandlerMethod.doInvoke(InvocableHandlerMethod.java:257) ~[spring-web-6.2.3.jar:6.2.3]
	at org.springframework.web.method.support.InvocableHandlerMethod.invokeForRequest(InvocableHandlerMethod.java:190) ~[spring-web-6.2.3.jar:6.2.3]
	at org.springframework.web.servlet.mvc.method.annotation.ServletInvocableHandlerMethod.invokeAndHandle(ServletInvocableHandlerMethod.java:118) ~[spring-webmvc-6.2.3.jar:6.2.3]
	at org.springframework.web.servlet.mvc.method.annotation.RequestMappingHandlerAdapter.invokeHandlerMethod(RequestMappingHandlerAdapter.java:986) ~[spring-webmvc-6.2.3.jar:6.2.3]
	at org.springframework.web.servlet.mvc.method.annotation.RequestMappingHandlerAdapter.handleInternal(RequestMappingHandlerAdapter.java:891) ~[spring-webmvc-6.2.3.jar:6.2.3]
	at org.springframework.web.servlet.mvc.method.AbstractHandlerMethodAdapter.handle(AbstractHandlerMethodAdapter.java:87) ~[spring-webmvc-6.2.3.jar:6.2.3]
	at org.springframework.web.servlet.DispatcherServlet.doDispatch(DispatcherServlet.java:1088) ~[spring-webmvc-6.2.3.jar:6.2.3]
	at org.springframework.web.servlet.DispatcherServlet.doService(DispatcherServlet.java:978) ~[spring-webmvc-6.2.3.jar:6.2.3]
	at org.springframework.web.servlet.FrameworkServlet.processRequest(FrameworkServlet.java:1014) ~[spring-webmvc-6.2.3.jar:6.2.3]
	at org.springframework.web.servlet.FrameworkServlet.doPost(FrameworkServlet.java:914) ~[spring-webmvc-6.2.3.jar:6.2.3]
	at jakarta.servlet.http.HttpServlet.service(HttpServlet.java:590) ~[tomcat-embed-core-10.1.36.jar:6.0]
	at org.springframework.web.servlet.FrameworkServlet.service(FrameworkServlet.java:885) ~[spring-webmvc-6.2.3.jar:6.2.3]
	at jakarta.servlet.http.HttpServlet.service(HttpServlet.java:658) ~[tomcat-embed-core-10.1.36.jar:6.0]
	at org.apache.catalina.core.ApplicationFilterChain.internalDoFilter(ApplicationFilterChain.java:195) ~[tomcat-embed-core-10.1.36.jar:10.1.36]
	at org.apache.catalina.core.ApplicationFilterChain.doFilter(ApplicationFilterChain.java:140) ~[tomcat-embed-core-10.1.36.jar:10.1.36]
	at org.apache.tomcat.websocket.server.WsFilter.doFilter(WsFilter.java:51) ~[tomcat-embed-websocket-10.1.36.jar:10.1.36]
	at org.apache.catalina.core.ApplicationFilterChain.internalDoFilter(ApplicationFilterChain.java:164) ~[tomcat-embed-core-10.1.36.jar:10.1.36]
	at org.apache.catalina.core.ApplicationFilterChain.doFilter(ApplicationFilterChain.java:140) ~[tomcat-embed-core-10.1.36.jar:10.1.36]
	at org.springframework.web.filter.RequestContextFilter.doFilterInternal(RequestContextFilter.java:100) ~[spring-web-6.2.3.jar:6.2.3]
	at org.springframework.web.filter.OncePerRequestFilter.doFilter(OncePerRequestFilter.java:116) ~[spring-web-6.2.3.jar:6.2.3]
	at org.apache.catalina.core.ApplicationFilterChain.internalDoFilter(ApplicationFilterChain.java:164) ~[tomcat-embed-core-10.1.36.jar:10.1.36]
	at org.apache.catalina.core.ApplicationFilterChain.doFilter(ApplicationFilterChain.java:140) ~[tomcat-embed-core-10.1.36.jar:10.1.36]
	at org.springframework.web.filter.FormContentFilter.doFilterInternal(FormContentFilter.java:93) ~[spring-web-6.2.3.jar:6.2.3]
	at org.springframework.web.filter.OncePerRequestFilter.doFilter(OncePerRequestFilter.java:116) ~[spring-web-6.2.3.jar:6.2.3]
	at org.apache.catalina.core.ApplicationFilterChain.internalDoFilter(ApplicationFilterChain.java:164) ~[tomcat-embed-core-10.1.36.jar:10.1.36]
	at org.apache.catalina.core.ApplicationFilterChain.doFilter(ApplicationFilterChain.java:140) ~[tomcat-embed-core-10.1.36.jar:10.1.36]
	at org.springframework.web.filter.CharacterEncodingFilter.doFilterInternal(CharacterEncodingFilter.java:201) ~[spring-web-6.2.3.jar:6.2.3]
	at org.springframework.web.filter.OncePerRequestFilter.doFilter(OncePerRequestFilter.java:116) ~[spring-web-6.2.3.jar:6.2.3]
	at org.apache.catalina.core.ApplicationFilterChain.internalDoFilter(ApplicationFilterChain.java:164) ~[tomcat-embed-core-10.1.36.jar:10.1.36]
	at org.apache.catalina.core.ApplicationFilterChain.doFilter(ApplicationFilterChain.java:140) ~[tomcat-embed-core-10.1.36.jar:10.1.36]
	at org.apache.catalina.core.StandardWrapperValve.invoke(StandardWrapperValve.java:167) ~[tomcat-embed-core-10.1.36.jar:10.1.36]
	at org.apache.catalina.core.StandardContextValve.invoke(StandardContextValve.java:90) ~[tomcat-embed-core-10.1.36.jar:10.1.36]
	at org.apache.catalina.authenticator.AuthenticatorBase.invoke(AuthenticatorBase.java:483) ~[tomcat-embed-core-10.1.36.jar:10.1.36]
	at org.apache.catalina.core.StandardHostValve.invoke(StandardHostValve.java:115) ~[tomcat-embed-core-10.1.36.jar:10.1.36]
	at org.apache.catalina.valves.ErrorReportValve.invoke(ErrorReportValve.java:93) ~[tomcat-embed-core-10.1.36.jar:10.1.36]
	at org.apache.catalina.core.StandardEngineValve.invoke(StandardEngineValve.java:74) ~[tomcat-embed-core-10.1.36.jar:10.1.36]
	at org.apache.catalina.connector.CoyoteAdapter.service(CoyoteAdapter.java:344) ~[tomcat-embed-core-10.1.36.jar:10.1.36]
	at org.apache.coyote.http11.Http11Processor.service(Http11Processor.java:397) ~[tomcat-embed-core-10.1.36.jar:10.1.36]
	at org.apache.coyote.AbstractProcessorLight.process(AbstractProcessorLight.java:63) ~[tomcat-embed-core-10.1.36.jar:10.1.36]
	at org.apache.coyote.AbstractProtocol$ConnectionHandler.process(AbstractProtocol.java:905) ~[tomcat-embed-core-10.1.36.jar:10.1.36]
	at org.apache.tomcat.util.net.NioEndpoint$SocketProcessor.doRun(NioEndpoint.java:1743) ~[tomcat-embed-core-10.1.36.jar:10.1.36]
	at org.apache.tomcat.util.net.SocketProcessorBase.run(SocketProcessorBase.java:52) ~[tomcat-embed-core-10.1.36.jar:10.1.36]
	at org.apache.tomcat.util.threads.ThreadPoolExecutor.runWorker(ThreadPoolExecutor.java:1190) ~[tomcat-embed-core-10.1.36.jar:10.1.36]
	at org.apache.tomcat.util.threads.ThreadPoolExecutor$Worker.run(ThreadPoolExecutor.java:659) ~[tomcat-embed-core-10.1.36.jar:10.1.36]
	at org.apache.tomcat.util.threads.TaskThread$WrappingRunnable.run(TaskThread.java:63) ~[tomcat-embed-core-10.1.36.jar:10.1.36]
	at java.base/java.lang.Thread.run(Thread.java:1583) ~[na:na]

2025-03-19T12:12:16.762+07:00 DEBUG 4761 --- [crud] [http-nio-8000-exec-3] o.s.web.servlet.DispatcherServlet        : "ERROR" dispatch for POST "/error", parameters={masked}
2025-03-19T12:12:16.764+07:00 DEBUG 4761 --- [crud] [http-nio-8000-exec-3] s.w.s.m.m.a.RequestMappingHandlerMapping : Mapped to org.springframework.boot.autoconfigure.web.servlet.error.BasicErrorController#errorHtml(HttpServletRequest, HttpServletResponse)
2025-03-19T12:12:16.774+07:00 DEBUG 4761 --- [crud] [http-nio-8000-exec-3] o.s.w.s.v.ContentNegotiatingViewResolver : Selected 'text/html' given [text/html, text/html;q=0.8]
2025-03-19T12:12:16.784+07:00 DEBUG 4761 --- [crud] [http-nio-8000-exec-3] o.s.web.servlet.DispatcherServlet        : Exiting from "ERROR" dispatch, status 500
2025-03-19T12:12:22.476+07:00 DEBUG 4761 --- [crud] [http-nio-8000-exec-4] o.s.web.servlet.DispatcherServlet        : GET "/", parameters={}
2025-03-19T12:12:22.477+07:00 DEBUG 4761 --- [crud] [http-nio-8000-exec-4] s.w.s.m.m.a.RequestMappingHandlerMapping : Mapped to com.mvc.crud.controller.EmployedController#index(Model)
2025-03-19T12:12:22.484+07:00 DEBUG 4761 --- [crud] [http-nio-8000-exec-4] o.s.w.s.v.ContentNegotiatingViewResolver : Selected 'text/html' given [text/html, application/xhtml+xml, application/xml;q=0.9, */*;q=0.8]
2025-03-19T12:12:22.497+07:00 DEBUG 4761 --- [crud] [http-nio-8000-exec-4] o.s.web.servlet.DispatcherServlet        : Completed 200 OK
2025-03-19T12:12:22.567+07:00 DEBUG 4761 --- [crud] [http-nio-8000-exec-5] o.s.web.servlet.DispatcherServlet        : GET "/favicon.ico", parameters={}
2025-03-19T12:12:22.573+07:00 DEBUG 4761 --- [crud] [http-nio-8000-exec-5] o.s.w.s.handler.SimpleUrlHandlerMapping  : Mapped to ResourceHttpRequestHandler [classpath [META-INF/resources/], classpath [resources/], classpath [static/], classpath [public/], ServletContext [/]]
2025-03-19T12:12:22.576+07:00 DEBUG 4761 --- [crud] [http-nio-8000-exec-5] o.s.w.s.r.ResourceHttpRequestHandler     : Resource not found
2025-03-19T12:12:22.579+07:00 DEBUG 4761 --- [crud] [http-nio-8000-exec-5] .w.s.m.s.DefaultHandlerExceptionResolver : Resolved [org.springframework.web.servlet.resource.NoResourceFoundException: No static resource favicon.ico.]
2025-03-19T12:12:22.580+07:00 DEBUG 4761 --- [crud] [http-nio-8000-exec-5] o.s.web.servlet.DispatcherServlet        : Completed 404 NOT_FOUND
2025-03-19T12:12:22.581+07:00 DEBUG 4761 --- [crud] [http-nio-8000-exec-5] o.s.web.servlet.DispatcherServlet        : "ERROR" dispatch for GET "/error", parameters={}
2025-03-19T12:12:22.582+07:00 DEBUG 4761 --- [crud] [http-nio-8000-exec-5] s.w.s.m.m.a.RequestMappingHandlerMapping : Mapped to org.springframework.boot.autoconfigure.web.servlet.error.BasicErrorController#error(HttpServletRequest)
2025-03-19T12:12:22.589+07:00 DEBUG 4761 --- [crud] [http-nio-8000-exec-5] o.s.w.s.m.m.a.HttpEntityMethodProcessor  : Using 'application/json;q=0.5', given [image/avif, image/webp, image/png, image/svg+xml, image/*;q=0.8, */*;q=0.5] and supported [application/json, application/*+json]
2025-03-19T12:12:22.591+07:00 DEBUG 4761 --- [crud] [http-nio-8000-exec-5] o.s.w.s.m.m.a.HttpEntityMethodProcessor  : Writing [{timestamp=Wed Mar 19 12:12:22 WIB 2025, status=404, error=Not Found, trace=org.springframework.web. (truncated)...]
2025-03-19T12:12:22.602+07:00 DEBUG 4761 --- [crud] [http-nio-8000-exec-5] o.s.web.servlet.DispatcherServlet        : Exiting from "ERROR" dispatch, status 404
2025-03-19T12:13:05.013+07:00  INFO 4761 --- [crud] [SpringApplicationShutdownHook] o.s.b.w.e.tomcat.GracefulShutdown        : Commencing graceful shutdown. Waiting for active requests to complete
2025-03-19T12:13:05.017+07:00  INFO 4761 --- [crud] [tomcat-shutdown] o.s.b.w.e.tomcat.GracefulShutdown        : Graceful shutdown complete
2025-03-19T12:13:05.024+07:00  INFO 4761 --- [crud] [SpringApplicationShutdownHook] j.LocalContainerEntityManagerFactoryBean : Closing JPA EntityManagerFactory for persistence unit 'default'
2025-03-19T12:13:05.029+07:00  INFO 4761 --- [crud] [SpringApplicationShutdownHook] com.zaxxer.hikari.HikariDataSource       : HikariPool-1 - Shutdown initiated...
2025-03-19T12:13:05.041+07:00  INFO 4761 --- [crud] [SpringApplicationShutdownHook] com.zaxxer.hikari.HikariDataSource       : HikariPool-1 - Shutdown completed.
2025-03-19T12:13:08.889+07:00  INFO 4868 --- [crud] [restartedMain] com.mvc.crud.CrudApplication             : Starting CrudApplication using Java 21.0.5 with PID 4868 (/home/tony/Documents/Spring Boot Course/Section 7 - MVC CRUD/target/classes started by tony in /home/tony/Documents/Spring Boot Course/Section 7 - MVC CRUD)
2025-03-19T12:13:08.893+07:00  INFO 4868 --- [crud] [restartedMain] com.mvc.crud.CrudApplication             : No active profile set, falling back to 1 default profile: "default"
2025-03-19T12:13:08.977+07:00  INFO 4868 --- [crud] [restartedMain] .e.DevToolsPropertyDefaultsPostProcessor : Devtools property defaults active! Set 'spring.devtools.add-properties' to 'false' to disable
2025-03-19T12:13:08.977+07:00  INFO 4868 --- [crud] [restartedMain] .e.DevToolsPropertyDefaultsPostProcessor : For additional web related logging consider setting the 'logging.level.web' property to 'DEBUG'
2025-03-19T12:13:09.907+07:00  INFO 4868 --- [crud] [restartedMain] .s.d.r.c.RepositoryConfigurationDelegate : Bootstrapping Spring Data JPA repositories in DEFAULT mode.
2025-03-19T12:13:09.938+07:00  INFO 4868 --- [crud] [restartedMain] .s.d.r.c.RepositoryConfigurationDelegate : Finished Spring Data repository scanning in 18 ms. Found 0 JPA repository interfaces.
2025-03-19T12:13:10.731+07:00  INFO 4868 --- [crud] [restartedMain] o.s.b.w.embedded.tomcat.TomcatWebServer  : Tomcat initialized with port 8000 (http)
2025-03-19T12:13:10.750+07:00  INFO 4868 --- [crud] [restartedMain] o.apache.catalina.core.StandardService   : Starting service [Tomcat]
2025-03-19T12:13:10.751+07:00  INFO 4868 --- [crud] [restartedMain] o.apache.catalina.core.StandardEngine    : Starting Servlet engine: [Apache Tomcat/10.1.36]
2025-03-19T12:13:10.792+07:00  INFO 4868 --- [crud] [restartedMain] o.a.c.c.C.[Tomcat].[localhost].[/]       : Initializing Spring embedded WebApplicationContext
2025-03-19T12:13:10.793+07:00  INFO 4868 --- [crud] [restartedMain] w.s.c.ServletWebServerApplicationContext : Root WebApplicationContext: initialization completed in 1814 ms
2025-03-19T12:13:10.956+07:00  INFO 4868 --- [crud] [restartedMain] com.zaxxer.hikari.HikariDataSource       : HikariPool-1 - Starting...
2025-03-19T12:13:11.439+07:00  INFO 4868 --- [crud] [restartedMain] com.zaxxer.hikari.pool.HikariPool        : HikariPool-1 - Added connection com.mysql.cj.jdbc.ConnectionImpl@10af0b4d
2025-03-19T12:13:11.443+07:00  INFO 4868 --- [crud] [restartedMain] com.zaxxer.hikari.HikariDataSource       : HikariPool-1 - Start completed.
2025-03-19T12:13:11.985+07:00  INFO 4868 --- [crud] [restartedMain] o.s.o.j.p.SpringPersistenceUnitInfo      : No LoadTimeWeaver setup: ignoring JPA class transformer
2025-03-19T12:13:12.974+07:00  INFO 4868 --- [crud] [restartedMain] j.LocalContainerEntityManagerFactoryBean : Initialized JPA EntityManagerFactory for persistence unit 'default'
2025-03-19T12:13:13.158+07:00  WARN 4868 --- [crud] [restartedMain] JpaBaseConfiguration$JpaWebConfiguration : spring.jpa.open-in-view is enabled by default. Therefore, database queries may be performed during view rendering. Explicitly configure spring.jpa.open-in-view to disable this warning
2025-03-19T12:13:13.329+07:00 DEBUG 4868 --- [crud] [restartedMain] s.w.s.m.m.a.RequestMappingHandlerMapping : 7 mappings in 'requestMappingHandlerMapping'
2025-03-19T12:13:13.478+07:00 DEBUG 4868 --- [crud] [restartedMain] o.s.w.s.handler.SimpleUrlHandlerMapping  : Patterns [/webjars/**, /**] in 'resourceHandlerMapping'
2025-03-19T12:13:13.534+07:00 DEBUG 4868 --- [crud] [restartedMain] s.w.s.m.m.a.RequestMappingHandlerAdapter : ControllerAdvice beans: 0 @ModelAttribute, 0 @InitBinder, 1 RequestBodyAdvice, 1 ResponseBodyAdvice
2025-03-19T12:13:13.639+07:00 DEBUG 4868 --- [crud] [restartedMain] .m.m.a.ExceptionHandlerExceptionResolver : ControllerAdvice beans: 0 @ExceptionHandler, 1 ResponseBodyAdvice
2025-03-19T12:13:13.773+07:00  INFO 4868 --- [crud] [restartedMain] o.s.b.d.a.OptionalLiveReloadServer       : LiveReload server is running on port 35729
2025-03-19T12:13:13.811+07:00  INFO 4868 --- [crud] [restartedMain] o.s.b.w.embedded.tomcat.TomcatWebServer  : Tomcat started on port 8000 (http) with context path '/'
2025-03-19T12:13:13.823+07:00  INFO 4868 --- [crud] [restartedMain] com.mvc.crud.CrudApplication             : Started CrudApplication in 5.728 seconds (process running for 6.386)
2025-03-19T12:13:14.325+07:00  INFO 4868 --- [crud] [http-nio-8000-exec-1] o.a.c.c.C.[Tomcat].[localhost].[/]       : Initializing Spring DispatcherServlet 'dispatcherServlet'
2025-03-19T12:13:14.326+07:00  INFO 4868 --- [crud] [http-nio-8000-exec-1] o.s.web.servlet.DispatcherServlet        : Initializing Servlet 'dispatcherServlet'
2025-03-19T12:13:14.326+07:00 DEBUG 4868 --- [crud] [http-nio-8000-exec-1] o.s.web.servlet.DispatcherServlet        : Detected StandardServletMultipartResolver
2025-03-19T12:13:14.326+07:00 DEBUG 4868 --- [crud] [http-nio-8000-exec-1] o.s.web.servlet.DispatcherServlet        : Detected AcceptHeaderLocaleResolver
2025-03-19T12:13:14.326+07:00 DEBUG 4868 --- [crud] [http-nio-8000-exec-1] o.s.web.servlet.DispatcherServlet        : Detected FixedThemeResolver
2025-03-19T12:13:14.328+07:00 DEBUG 4868 --- [crud] [http-nio-8000-exec-1] o.s.web.servlet.DispatcherServlet        : Detected org.springframework.web.servlet.view.DefaultRequestToViewNameTranslator@47d6a575
2025-03-19T12:13:14.329+07:00 DEBUG 4868 --- [crud] [http-nio-8000-exec-1] o.s.web.servlet.DispatcherServlet        : Detected org.springframework.web.servlet.support.SessionFlashMapManager@125ff14f
2025-03-19T12:13:14.330+07:00 DEBUG 4868 --- [crud] [http-nio-8000-exec-1] o.s.web.servlet.DispatcherServlet        : enableLoggingRequestDetails='false': request parameters and headers will be masked to prevent unsafe logging of potentially sensitive data
2025-03-19T12:13:14.330+07:00  INFO 4868 --- [crud] [http-nio-8000-exec-1] o.s.web.servlet.DispatcherServlet        : Completed initialization in 4 ms
2025-03-19T12:13:14.343+07:00 DEBUG 4868 --- [crud] [http-nio-8000-exec-1] o.s.web.servlet.DispatcherServlet        : GET "/", parameters={}
2025-03-19T12:13:14.359+07:00 DEBUG 4868 --- [crud] [http-nio-8000-exec-1] s.w.s.m.m.a.RequestMappingHandlerMapping : Mapped to com.mvc.crud.controller.EmployedController#index(Model)
2025-03-19T12:13:14.813+07:00 DEBUG 4868 --- [crud] [http-nio-8000-exec-1] o.s.w.s.v.ContentNegotiatingViewResolver : Selected 'text/html' given [text/html, application/xhtml+xml, application/xml;q=0.9, */*;q=0.8]
2025-03-19T12:13:15.140+07:00 DEBUG 4868 --- [crud] [http-nio-8000-exec-1] o.s.web.servlet.DispatcherServlet        : Completed 200 OK
2025-03-19T12:13:15.185+07:00 DEBUG 4868 --- [crud] [http-nio-8000-exec-2] o.s.web.servlet.DispatcherServlet        : GET "/favicon.ico", parameters={}
2025-03-19T12:13:15.191+07:00 DEBUG 4868 --- [crud] [http-nio-8000-exec-2] o.s.w.s.handler.SimpleUrlHandlerMapping  : Mapped to ResourceHttpRequestHandler [classpath [META-INF/resources/], classpath [resources/], classpath [static/], classpath [public/], ServletContext [/]]
2025-03-19T12:13:15.197+07:00 DEBUG 4868 --- [crud] [http-nio-8000-exec-2] o.s.w.s.r.ResourceHttpRequestHandler     : Resource not found
2025-03-19T12:13:15.203+07:00 DEBUG 4868 --- [crud] [http-nio-8000-exec-2] .w.s.m.s.DefaultHandlerExceptionResolver : Resolved [org.springframework.web.servlet.resource.NoResourceFoundException: No static resource favicon.ico.]
2025-03-19T12:13:15.203+07:00 DEBUG 4868 --- [crud] [http-nio-8000-exec-2] o.s.web.servlet.DispatcherServlet        : Completed 404 NOT_FOUND
2025-03-19T12:13:15.209+07:00 DEBUG 4868 --- [crud] [http-nio-8000-exec-2] o.s.web.servlet.DispatcherServlet        : "ERROR" dispatch for GET "/error", parameters={}
2025-03-19T12:13:15.211+07:00 DEBUG 4868 --- [crud] [http-nio-8000-exec-2] s.w.s.m.m.a.RequestMappingHandlerMapping : Mapped to org.springframework.boot.autoconfigure.web.servlet.error.BasicErrorController#error(HttpServletRequest)
2025-03-19T12:13:15.234+07:00 DEBUG 4868 --- [crud] [http-nio-8000-exec-2] o.s.w.s.m.m.a.HttpEntityMethodProcessor  : Using 'application/json;q=0.5', given [image/avif, image/webp, image/png, image/svg+xml, image/*;q=0.8, */*;q=0.5] and supported [application/json, application/*+json]
2025-03-19T12:13:15.240+07:00 DEBUG 4868 --- [crud] [http-nio-8000-exec-2] o.s.w.s.m.m.a.HttpEntityMethodProcessor  : Writing [{timestamp=Wed Mar 19 12:13:15 WIB 2025, status=404, error=Not Found, trace=org.springframework.web. (truncated)...]
2025-03-19T12:13:15.294+07:00 DEBUG 4868 --- [crud] [http-nio-8000-exec-2] o.s.web.servlet.DispatcherServlet        : Exiting from "ERROR" dispatch, status 404
2025-03-19T12:13:15.721+07:00 DEBUG 4868 --- [crud] [http-nio-8000-exec-3] o.s.web.servlet.DispatcherServlet        : GET "/edit/1", parameters={}
2025-03-19T12:13:15.722+07:00 DEBUG 4868 --- [crud] [http-nio-8000-exec-3] s.w.s.m.m.a.RequestMappingHandlerMapping : Mapped to com.mvc.crud.controller.EmployedController#getEmployee(Integer)
2025-03-19T12:13:15.843+07:00 DEBUG 4868 --- [crud] [http-nio-8000-exec-3] m.m.a.RequestResponseBodyMethodProcessor : Using 'application/json', given [*/*] and supported [application/json, application/*+json]
2025-03-19T12:13:15.845+07:00 DEBUG 4868 --- [crud] [http-nio-8000-exec-3] m.m.a.RequestResponseBodyMethodProcessor : Writing [Employed{city='Surakarta', id=1, firstName='Fathoni', lastName='W J', email='fathoniwasesojati@gmail (truncated)...]
2025-03-19T12:13:15.847+07:00 DEBUG 4868 --- [crud] [http-nio-8000-exec-3] o.s.web.servlet.DispatcherServlet        : Completed 200 OK
2025-03-19T12:13:18.660+07:00 DEBUG 4868 --- [crud] [http-nio-8000-exec-4] o.s.web.servlet.DispatcherServlet        : POST "/update/1", parameters={masked}
2025-03-19T12:13:18.661+07:00 DEBUG 4868 --- [crud] [http-nio-8000-exec-4] s.w.s.m.m.a.RequestMappingHandlerMapping : Mapped to com.mvc.crud.controller.EmployedController#update(Integer, Employed, BindingResult, Model)
2025-03-19T12:13:18.792+07:00 DEBUG 4868 --- [crud] [http-nio-8000-exec-4] o.s.web.servlet.view.RedirectView        : View name [redirect:], model {}
2025-03-19T12:13:18.794+07:00 DEBUG 4868 --- [crud] [http-nio-8000-exec-4] o.s.web.servlet.DispatcherServlet        : Completed 302 FOUND
2025-03-19T12:13:18.798+07:00 DEBUG 4868 --- [crud] [http-nio-8000-exec-5] o.s.web.servlet.DispatcherServlet        : GET "/", parameters={}
2025-03-19T12:13:18.799+07:00 DEBUG 4868 --- [crud] [http-nio-8000-exec-5] s.w.s.m.m.a.RequestMappingHandlerMapping : Mapped to com.mvc.crud.controller.EmployedController#index(Model)
2025-03-19T12:13:18.804+07:00 DEBUG 4868 --- [crud] [http-nio-8000-exec-5] o.s.w.s.v.ContentNegotiatingViewResolver : Selected 'text/html' given [text/html, application/xhtml+xml, application/xml;q=0.9, */*;q=0.8]
2025-03-19T12:13:18.815+07:00 DEBUG 4868 --- [crud] [http-nio-8000-exec-5] o.s.web.servlet.DispatcherServlet        : Completed 200 OK
2025-03-19T12:13:18.882+07:00 DEBUG 4868 --- [crud] [http-nio-8000-exec-6] o.s.web.servlet.DispatcherServlet        : GET "/favicon.ico", parameters={}
2025-03-19T12:13:18.884+07:00 DEBUG 4868 --- [crud] [http-nio-8000-exec-6] o.s.w.s.handler.SimpleUrlHandlerMapping  : Mapped to ResourceHttpRequestHandler [classpath [META-INF/resources/], classpath [resources/], classpath [static/], classpath [public/], ServletContext [/]]
2025-03-19T12:13:18.885+07:00 DEBUG 4868 --- [crud] [http-nio-8000-exec-6] o.s.w.s.r.ResourceHttpRequestHandler     : Resource not found
2025-03-19T12:13:18.886+07:00 DEBUG 4868 --- [crud] [http-nio-8000-exec-6] .w.s.m.s.DefaultHandlerExceptionResolver : Resolved [org.springframework.web.servlet.resource.NoResourceFoundException: No static resource favicon.ico.]
2025-03-19T12:13:18.887+07:00 DEBUG 4868 --- [crud] [http-nio-8000-exec-6] o.s.web.servlet.DispatcherServlet        : Completed 404 NOT_FOUND
2025-03-19T12:13:18.888+07:00 DEBUG 4868 --- [crud] [http-nio-8000-exec-6] o.s.web.servlet.DispatcherServlet        : "ERROR" dispatch for GET "/error", parameters={}
2025-03-19T12:13:18.889+07:00 DEBUG 4868 --- [crud] [http-nio-8000-exec-6] s.w.s.m.m.a.RequestMappingHandlerMapping : Mapped to org.springframework.boot.autoconfigure.web.servlet.error.BasicErrorController#error(HttpServletRequest)
2025-03-19T12:13:18.892+07:00 DEBUG 4868 --- [crud] [http-nio-8000-exec-6] o.s.w.s.m.m.a.HttpEntityMethodProcessor  : Using 'application/json;q=0.5', given [image/avif, image/webp, image/png, image/svg+xml, image/*;q=0.8, */*;q=0.5] and supported [application/json, application/*+json]
2025-03-19T12:13:18.893+07:00 DEBUG 4868 --- [crud] [http-nio-8000-exec-6] o.s.w.s.m.m.a.HttpEntityMethodProcessor  : Writing [{timestamp=Wed Mar 19 12:13:18 WIB 2025, status=404, error=Not Found, trace=org.springframework.web. (truncated)...]
2025-03-19T12:13:18.896+07:00 DEBUG 4868 --- [crud] [http-nio-8000-exec-6] o.s.web.servlet.DispatcherServlet        : Exiting from "ERROR" dispatch, status 404
2025-03-19T12:13:23.467+07:00 DEBUG 4868 --- [crud] [http-nio-8000-exec-7] o.s.web.servlet.DispatcherServlet        : POST "/delete/5", parameters={}
2025-03-19T12:13:23.468+07:00 DEBUG 4868 --- [crud] [http-nio-8000-exec-7] s.w.s.m.m.a.RequestMappingHandlerMapping : Mapped to com.mvc.crud.controller.EmployedController#delete(Integer)
2025-03-19T12:13:23.495+07:00 DEBUG 4868 --- [crud] [http-nio-8000-exec-7] m.m.a.RequestResponseBodyMethodProcessor : Using 'text/plain', given [*/*] and supported [text/plain, */*, application/json, application/*+json]
2025-03-19T12:13:23.495+07:00 DEBUG 4868 --- [crud] [http-nio-8000-exec-7] m.m.a.RequestResponseBodyMethodProcessor : Writing ["success"]
2025-03-19T12:13:23.498+07:00 DEBUG 4868 --- [crud] [http-nio-8000-exec-7] o.s.web.servlet.DispatcherServlet        : Completed 200 OK
2025-03-19T12:13:23.509+07:00 DEBUG 4868 --- [crud] [http-nio-8000-exec-8] o.s.web.servlet.DispatcherServlet        : GET "/", parameters={}
2025-03-19T12:13:23.510+07:00 DEBUG 4868 --- [crud] [http-nio-8000-exec-8] s.w.s.m.m.a.RequestMappingHandlerMapping : Mapped to com.mvc.crud.controller.EmployedController#index(Model)
2025-03-19T12:13:23.517+07:00 DEBUG 4868 --- [crud] [http-nio-8000-exec-8] o.s.w.s.v.ContentNegotiatingViewResolver : Selected 'text/html' given [text/html, application/xhtml+xml, application/xml;q=0.9, */*;q=0.8]
2025-03-19T12:13:23.534+07:00 DEBUG 4868 --- [crud] [http-nio-8000-exec-8] o.s.web.servlet.DispatcherServlet        : Completed 200 OK
2025-03-19T12:13:23.599+07:00 DEBUG 4868 --- [crud] [http-nio-8000-exec-9] o.s.web.servlet.DispatcherServlet        : GET "/favicon.ico", parameters={}
2025-03-19T12:13:23.600+07:00 DEBUG 4868 --- [crud] [http-nio-8000-exec-9] o.s.w.s.handler.SimpleUrlHandlerMapping  : Mapped to ResourceHttpRequestHandler [classpath [META-INF/resources/], classpath [resources/], classpath [static/], classpath [public/], ServletContext [/]]
2025-03-19T12:13:23.602+07:00 DEBUG 4868 --- [crud] [http-nio-8000-exec-9] o.s.w.s.r.ResourceHttpRequestHandler     : Resource not found
2025-03-19T12:13:23.603+07:00 DEBUG 4868 --- [crud] [http-nio-8000-exec-9] .w.s.m.s.DefaultHandlerExceptionResolver : Resolved [org.springframework.web.servlet.resource.NoResourceFoundException: No static resource favicon.ico.]
2025-03-19T12:13:23.603+07:00 DEBUG 4868 --- [crud] [http-nio-8000-exec-9] o.s.web.servlet.DispatcherServlet        : Completed 404 NOT_FOUND
2025-03-19T12:13:23.604+07:00 DEBUG 4868 --- [crud] [http-nio-8000-exec-9] o.s.web.servlet.DispatcherServlet        : "ERROR" dispatch for GET "/error", parameters={}
2025-03-19T12:13:23.604+07:00 DEBUG 4868 --- [crud] [http-nio-8000-exec-9] s.w.s.m.m.a.RequestMappingHandlerMapping : Mapped to org.springframework.boot.autoconfigure.web.servlet.error.BasicErrorController#error(HttpServletRequest)
2025-03-19T12:13:23.606+07:00 DEBUG 4868 --- [crud] [http-nio-8000-exec-9] o.s.w.s.m.m.a.HttpEntityMethodProcessor  : Using 'application/json;q=0.5', given [image/avif, image/webp, image/png, image/svg+xml, image/*;q=0.8, */*;q=0.5] and supported [application/json, application/*+json]
2025-03-19T12:13:23.606+07:00 DEBUG 4868 --- [crud] [http-nio-8000-exec-9] o.s.w.s.m.m.a.HttpEntityMethodProcessor  : Writing [{timestamp=Wed Mar 19 12:13:23 WIB 2025, status=404, error=Not Found, trace=org.springframework.web. (truncated)...]
2025-03-19T12:13:23.608+07:00 DEBUG 4868 --- [crud] [http-nio-8000-exec-9] o.s.web.servlet.DispatcherServlet        : Exiting from "ERROR" dispatch, status 404
2025-03-19T12:13:25.492+07:00 DEBUG 4868 --- [crud] [http-nio-8000-exec-10] o.s.web.servlet.DispatcherServlet        : GET "/", parameters={}
2025-03-19T12:13:25.493+07:00 DEBUG 4868 --- [crud] [http-nio-8000-exec-10] s.w.s.m.m.a.RequestMappingHandlerMapping : Mapped to com.mvc.crud.controller.EmployedController#index(Model)
2025-03-19T12:13:25.497+07:00 DEBUG 4868 --- [crud] [http-nio-8000-exec-10] o.s.w.s.v.ContentNegotiatingViewResolver : Selected 'text/html' given [text/html, application/xhtml+xml, application/xml;q=0.9, */*;q=0.8]
2025-03-19T12:13:25.507+07:00 DEBUG 4868 --- [crud] [http-nio-8000-exec-10] o.s.web.servlet.DispatcherServlet        : Completed 200 OK
2025-03-19T12:16:46.497+07:00  INFO 4868 --- [crud] [SpringApplicationShutdownHook] o.s.b.w.e.tomcat.GracefulShutdown        : Commencing graceful shutdown. Waiting for active requests to complete
2025-03-19T12:16:46.501+07:00  INFO 4868 --- [crud] [tomcat-shutdown] o.s.b.w.e.tomcat.GracefulShutdown        : Graceful shutdown complete
2025-03-19T12:16:46.507+07:00  INFO 4868 --- [crud] [SpringApplicationShutdownHook] j.LocalContainerEntityManagerFactoryBean : Closing JPA EntityManagerFactory for persistence unit 'default'
2025-03-19T12:16:46.511+07:00  INFO 4868 --- [crud] [SpringApplicationShutdownHook] com.zaxxer.hikari.HikariDataSource       : HikariPool-1 - Shutdown initiated...
2025-03-19T12:16:46.522+07:00  INFO 4868 --- [crud] [SpringApplicationShutdownHook] com.zaxxer.hikari.HikariDataSource       : HikariPool-1 - Shutdown completed.
